timestamp,open,high,low,close,volume
1761156000000,107778.45,107983.22,107463.29,107752.3,302.10357
1761152400000,108226.0,108339.89,107566.65,107778.45,913.68528
1761148800000,108416.5,108796.42,107877.27,108226.0,1590.12287
1761145200000,108947.49,109163.88,107737.04,108416.5,1954.01743
1761141600000,108783.35,108998.0,107500.0,108947.5,3240.71769
1761138000000,108044.96,109014.34,107630.39,108783.36,1889.17586
1761134400000,107555.04,108399.0,107443.01,108044.96,841.76229
1761130800000,107657.98,108207.99,106708.18,107555.05,2452.68318
1761127200000,107963.12,108114.8,107650.0,107657.98,497.00462
1761123600000,108229.3,108274.43,107773.89,107963.13,557.31037
1761120000000,108321.64,108358.76,108079.86,108229.3,505.66169
1761116400000,107980.02,108321.64,107610.0,108321.63,1077.00799
1761112800000,108166.82,108331.75,107945.5,107980.02,675.25677
1761109200000,108625.61,108638.99,107879.93,108166.81,1434.44211
1761105600000,108216.03,108635.92,108162.09,108625.6,696.45277
1761102000000,108198.85,108219.12,107860.92,108216.02,1121.03699
1761098400000,108364.22,108678.21,108198.85,108198.85,699.65823
1761094800000,107986.15,108460.02,107986.14,108364.21,1493.26761
1761091200000,108297.66,108643.61,107841.2,107986.14,1537.60176
1761087600000,109066.98,109423.19,108045.81,108297.67,1531.00726
1761084000000,110816.33,110816.33,108271.68,109066.98,2484.48697
1761080400000,110787.56,111111.0,110111.0,110816.32,986.90737
1761076800000,111780.4,111801.41,110554.22,110787.56,1166.16267
1761073200000,111990.55,112200.0,111562.94,111780.39,583.46835
1761069600000,111973.41,112297.14,111324.29,111990.55,1962.19243
1761066000000,112565.88,112993.67,111813.18,111973.42,5531.17962
1761062400000,113422.6,114000.0,112465.33,112565.88,2654.63776
1761058800000,112170.52,113557.62,111716.91,113422.61,4175.55944
1761055200000,108426.98,112290.31,108408.0,112170.52,3335.7283
1761051600000,108793.39,108913.68,107922.06,108426.98,1261.1868
1761048000000,108580.0,109485.78,108466.48,108793.4,1229.63283
1761044400000,108499.56,108639.76,108169.81,108580.01,546.40513
1761040800000,107754.27,108811.47,107580.0,108499.56,1096.0073
1761037200000,107695.79,107866.72,107540.09,107754.27,543.10308
1761033600000,108086.38,108098.72,107484.22,107695.79,804.21106
1761030000000,107909.79,108200.0,107645.21,108086.37,707.81305
1761026400000,107537.12,108200.0,107499.19,107909.79,754.26623
1761022800000,107779.71,107979.46,107473.72,107537.12,1531.85421
1761019200000,109059.23,109059.23,107650.94,107779.7,1936.39331
1761015600000,109514.92,109620.31,109052.09,109059.22,517.88075
1761012000000,109863.18,109922.89,109303.86,109514.92,773.29938
1761008400000,110446.68,110489.41,109555.0,109863.19,677.1117
1761004800000,110532.09,110532.09,110168.0,110446.69,437.52159
1761001200000,110794.08,110828.75,110521.85,110532.09,285.13241
1760997600000,110563.2,110867.39,110418.25,110794.08,267.98447
1760994000000,111091.46,111243.64,110464.91,110563.2,332.06604
1760990400000,110803.22,111272.0,110665.03,111091.46,480.99811
1760986800000,110937.92,111067.33,110542.0,110803.22,464.17808
1760983200000,110282.76,110968.98,110220.0,110937.92,457.18317
1760979600000,110683.2,111071.4,109855.83,110282.76,1077.4169
1760976000000,111144.55,111303.05,110110.0,110683.19,1717.87854
1760972400000,111210.86,111705.56,111001.34,111144.55,1003.56342
1760968800000,111161.35,111395.84,110736.0,111210.86,911.55485
1760965200000,110843.82,111203.06,110588.23,111161.35,666.08434
1760961600000,111016.75,111203.06,110780.0,110843.81,425.00243
1760958000000,110731.78,111026.93,110608.27,111016.75,787.40667
1760954400000,110964.14,111098.01,110612.0,110731.78,644.26773
1760950800000,111097.16,111200.0,110691.96,110964.13,1095.42239
1760947200000,111169.91,111679.25,110943.4,111097.15,925.77025
1760943600000,111298.55,111445.67,111050.78,111169.92,913.95455
1760940000000,111033.79,111377.34,111001.91,111298.55,1196.86696
1760936400000,110422.1,111111.0,110291.27,111033.79,991.81207
1760932800000,110145.45,110535.13,109951.96,110422.1,865.34314
1760929200000,108767.03,110427.86,108571.59,110145.44,1275.9775
1760925600000,108053.57,108970.51,107854.71,108767.02,605.86943
1760922000000,108047.46,108276.04,107894.0,108053.58,602.84285
1760918400000,108642.77,108642.77,107402.52,108047.46,1198.8653
1760914800000,109146.8,109146.8,108471.1,108642.78,440.82047
1760911200000,108744.83,109370.99,108744.83,109146.8,673.56143
1760907600000,108845.07,108869.87,108620.0,108744.82,272.94763
1760904000000,108908.43,108984.9,108810.17,108845.06,661.43199
1760900400000,109383.0,109383.01,108800.57,108908.43,451.40437
1760896800000,109113.53,109450.07,109037.5,109383.01,390.21394
1760893200000,108624.19,109437.43,108615.2,109113.52,842.94186
1760889600000,108486.71,108988.27,108240.0,108624.19,746.0028
1760886000000,108405.47,108621.68,108328.25,108486.7,550.80586
1760882400000,108096.33,108508.0,107887.28,108405.47,1356.8762
1760878800000,107631.43,108227.44,107355.02,108096.34,912.20232
1760875200000,107783.47,107859.42,107421.9,107631.43,816.5887
1760871600000,107882.71,108260.5,107633.05,107783.47,1012.47378
1760868000000,107401.47,107887.99,106999.57,107882.71,889.9682
1760864400000,106443.96,108213.04,106103.36,107401.47,2187.761
1760860800000,106786.0,107203.29,106278.74,106443.95,969.35569
1760857200000,106777.75,106912.08,106702.0,106786.0,158.03024
1760853600000,106888.6,106909.98,106558.61,106777.75,315.62124
1760850000000,107046.89,107180.0,106794.23,106888.59,516.95583
1760846400000,107275.79,107290.0,106949.9,107046.9,256.58858
1760842800000,106847.03,107367.16,106802.32,107275.78,358.14644
1760839200000,106973.27,107000.0,106805.05,106847.02,121.85742
1760835600000,106898.03,106988.81,106734.17,106973.26,184.14483
1760832000000,107185.0,107267.2,106755.88,106898.03,393.96341
1760828400000,107125.88,107200.0,107014.58,107185.01,124.75848
1760824800000,107177.05,107283.71,107067.54,107125.87,219.09125
1760821200000,107018.5,107220.24,106851.84,107177.05,198.46296
1760817600000,107080.14,107339.03,107000.0,107018.51,262.63077
1760814000000,106843.75,107091.87,106762.83,107080.14,153.17902
1760810400000,106880.04,106920.0,106722.72,106843.75,158.99856
1760806800000,106664.01,106955.79,106567.95,106880.03,246.03342
1760803200000,106948.75,107063.89,106484.0,106664.01,353.04791
1760799600000,107028.37,107146.18,106815.86,106948.75,336.98269
1760796000000,106888.77,107111.11,106739.33,107028.36,552.94765
1760792400000,107065.17,107102.14,106810.0,106888.78,270.57628
1760788800000,107208.61,107300.0,106965.23,107065.17,265.11201
1760785200000,106924.47,107222.0,106770.0,107208.6,394.9085
1760781600000,106884.41,107145.81,106788.41,106924.47,365.7402
1760778000000,106719.2,106938.0,106629.66,106884.41,371.44202
1760774400000,106665.01,106966.62,106605.93,106719.2,1204.63747
1760770800000,106839.97,107499.0,106607.2,106665.0,1298.66311
1760767200000,106812.52,106950.0,106711.95,106839.96,582.06053
1760763600000,106478.66,106842.5,106478.66,106812.52,357.02039
1760760000000,107070.41,107070.41,106439.38,106478.71,738.59104
1760756400000,106597.97,107126.55,106573.6,107070.4,747.88716
1760752800000,107149.3,107297.87,106493.23,106597.98,923.59727
1760749200000,106845.52,107306.06,106824.0,107149.3,525.1252
1760745600000,106431.68,106845.52,106322.2,106845.52,471.69377
1760742000000,107000.09,107000.1,106392.08,106431.68,365.62283
1760738400000,107301.41,107415.73,106807.5,107000.1,467.14
1760734800000,107021.38,107440.02,107016.87,107301.4,474.97927
1760731200000,106457.24,107177.08,106342.47,107021.37,502.81407
1760727600000,106647.11,106889.11,106233.65,106454.72,522.73818
1760724000000,106453.26,107089.99,106453.26,106647.11,761.17199
1760720400000,106372.34,106729.0,106071.42,106453.27,723.50939
1760716800000,106803.52,107575.6,106239.75,106372.34,1909.04788
1760713200000,105163.41,106852.14,105087.29,106803.53,2228.15693
1760709600000,105835.62,105989.01,104533.21,105163.42,1894.44771
1760706000000,105350.4,106166.0,104876.19,105835.63,2340.35273
1760702400000,105683.71,106070.14,105227.45,105350.4,1384.38576
1760698800000,104751.99,106651.22,104674.0,105683.72,3620.45641
1760695200000,104530.0,104926.19,103528.23,104751.99,3620.28453
1760691600000,104884.38,105626.67,104520.7,104531.35,2034.60892
1760688000000,105633.75,105716.15,104505.0,104884.38,4632.98336
1760684400000,106741.28,106901.85,105542.09,105633.75,3891.25354
1760680800000,108381.75,108519.49,106639.79,106741.28,2840.49166
1760677200000,108787.26,108926.06,108299.12,108381.76,800.45747
1760673600000,109176.74,109236.01,108786.0,108787.26,487.87266
1760670000000,108972.98,109240.0,108910.45,109176.74,537.9217
1760666400000,108839.84,109082.8,108390.21,108972.97,559.71151
1760662800000,108799.99,109115.08,108506.79,108839.84,663.22366
1760659200000,108194.27,108849.19,107934.4,108800.0,657.03622
1760655600000,107798.85,108420.73,107736.56,108194.28,371.40842
1760652000000,108443.71,108500.0,107783.76,107798.85,451.11345
1760648400000,107838.0,108463.31,107592.0,108443.7,490.84182
1760644800000,108197.67,108424.11,107427.0,107838.01,941.04286
1760641200000,108656.19,108751.02,107685.4,108197.66,1826.2967
1760637600000,108276.69,108656.3,107680.0,108656.19,1228.35335
1760634000000,109232.43,109244.91,108227.54,108276.7,1542.50028
1760630400000,108549.21,109254.0,107577.57,109232.43,3658.11859
1760626800000,110529.35,110727.35,108361.69,108549.21,3863.5105
1760623200000,110860.0,111420.02,109728.0,110529.34,2218.73
1760619600000,111519.08,111548.0,110684.32,110860.0,1245.15513
1760616000000,111404.73,111982.45,111332.18,111519.07,925.41606
1760612400000,111469.63,111567.85,111001.44,111404.72,762.70034
1760608800000,111146.31,111728.7,111021.02,111469.63,1021.52177
1760605200000,110817.5,111633.14,109635.15,111146.31,2599.38969
1760601600000,110584.21,110893.91,110405.0,110817.5,898.50628
1760598000000,111666.83,111773.7,110553.19,110584.2,1116.0425
1760594400000,110951.13,111716.86,110922.17,111666.83,576.47831
1760590800000,110966.03,111485.03,110750.0,110951.14,831.0631
1760587200000,111329.48,111675.21,110800.88,110966.03,573.55869
1760583600000,111510.43,111867.17,111271.49,111329.48,640.75803
1760580000000,111300.0,111562.24,111014.12,111510.43,544.40968
1760576400000,110431.27,111330.0,110417.32,111299.99,776.36767
1760572800000,110763.28,110856.11,110361.0,110431.27,753.8893
1760569200000,110667.97,111006.0,110590.1,110763.28,355.53542
1760565600000,110854.2,111395.82,110667.97,110667.97,422.7399
1760562000000,111109.77,111424.69,110500.0,110854.19,779.36355
1760558400000,111271.73,111556.27,110515.84,111109.76,852.76487
1760554800000,111444.76,111557.7,111099.33,111271.73,589.84937
1760551200000,111186.77,111512.41,110826.21,111444.76,562.70484
1760547600000,110748.0,111186.78,110164.0,111186.78,1335.06163
1760544000000,110798.01,111125.18,110602.8,110748.0,830.13195
1760540400000,111059.77,111588.69,110400.0,110798.01,1836.18334
1760536800000,111389.01,112238.41,110800.0,111059.76,1777.74911
1760533200000,111711.25,112011.75,110725.4,111389.0,1971.0633
1760529600000,111905.72,112085.68,111400.0,111711.25,1005.50463
1760526000000,112266.7,112600.0,111693.26,111905.73,766.17498
1760522400000,112564.0,112645.61,112072.86,112266.71,847.65271
1760518800000,112944.84,113127.39,112380.8,112564.01,848.43925
1760515200000,112584.49,113520.88,112550.0,112944.85,1236.8164
1760511600000,112460.48,112680.0,112235.76,112584.5,932.59854
1760508000000,112431.95,112563.8,111896.07,112460.47,740.50832
1760504400000,112344.81,112659.0,112188.74,112431.95,623.36683
1760500800000,112024.3,112465.5,111746.76,112344.81,1145.73005
1760497200000,112809.94,112866.77,111825.93,112024.29,762.39853
1760493600000,112738.17,113612.35,112673.9,112809.94,812.09712
1760490000000,112993.85,113005.57,112326.26,112738.17,870.72777
1760486400000,113028.13,113112.41,112602.02,112993.86,1081.3257
1760482800000,113211.87,113520.0,112998.22,113028.14,507.80202
1760479200000,113128.7,113577.0,112822.16,113211.87,588.63193
1760475600000,112992.88,113186.0,112683.58,113128.7,561.06072
1760472000000,112613.69,113008.47,112230.46,112992.87,564.85759
1760468400000,112861.36,113544.53,112021.59,112613.7,1685.79274
1760464800000,112774.98,113450.0,112662.72,112861.36,1289.26282
1760461200000,112328.83,112933.65,111692.31,112774.97,2031.41315
1760457600000,112900.44,113187.62,112189.42,112328.83,2429.54292
1760454000000,111435.2,112943.82,111062.15,112900.43,1681.40989
1760450400000,111014.38,112200.0,110905.73,111435.21,2108.64964
1760446800000,110803.29,111329.71,109866.0,111014.38,2420.02151
1760443200000,111313.98,111361.15,110737.29,110803.28,976.90627
1760439600000,110623.58,111630.28,110614.25,111313.98,1426.10618
1760436000000,111287.9,111336.11,110012.24,110623.58,1937.91268
1760432400000,111803.33,112000.0,111055.91,111287.89,937.93171
1760428800000,111724.41,112140.0,111513.63,111803.33,979.88421
1760425200000,111987.39,112194.0,111445.72,111724.41,1446.45172
1760421600000,112493.1,112699.21,111355.01,111987.38,1853.68057
1760418000000,113062.09,113691.0,112390.0,112493.11,1796.26245
1760414400000,113500.0,113599.99,112787.0,113062.09,1189.90441
1760410800000,113647.05,113700.0,113279.76,113500.0,1141.08489
1760407200000,114274.57,114298.08,113647.05,113647.05,851.40075
1760403600000,114959.02,114991.99,114137.93,114274.57,705.31924
1760400000000,115166.0,115409.96,114871.93,114959.03,759.03973
1760396400000,115507.2,115507.2,115005.44,115166.0,554.61822
1760392800000,115700.0,115835.04,115442.67,115507.19,332.95022
1760389200000,115713.37,115786.04,115553.33,115700.0,221.7783
1760385600000,115792.84,115868.0,115400.0,115713.37,419.35754
1760382000000,115160.63,115891.3,115070.0,115792.84,989.05749
1760378400000,115040.55,115377.48,114710.0,115160.63,724.92234
1760374800000,114669.25,115053.43,114215.79,115040.55,669.90056
1760371200000,114312.09,115174.0,114270.89,114669.24,985.04262
1760367600000,114036.63,114727.95,113968.02,114312.1,1078.57574
1760364000000,115345.79,115476.18,113800.01,114036.63,1434.88366
1760360400000,114412.25,115530.0,114220.07,115345.79,1815.19891
1760356800000,114180.0,114748.97,113931.16,114412.26,1209.47056
1760353200000,114810.61,114810.61,113616.5,114180.0,1981.76101
1760349600000,115127.05,115162.0,114740.34,114810.62,896.68402
1760346000000,115254.23,115254.23,114748.38,115127.04,1037.56556
1760342400000,115399.66,115438.17,115138.0,115254.23,644.85187
1760338800000,115221.23,115554.83,115034.0,115399.67,916.61315
1760335200000,114611.82,115379.84,114417.77,115221.22,599.41221
1760331600000,114708.15,114834.7,114500.02,114611.82,834.97755
1760328000000,114821.13,115000.0,114398.24,114708.15,1086.01022
1760324400000,115319.98,115613.7,114619.45,114821.12,846.03241
1760320800000,115713.31,115963.81,115001.62,115319.97,982.84078
1760317200000,115280.83,115750.0,115079.18,115713.32,814.49823
1760313600000,114958.81,115888.0,114766.69,115280.84,1480.23716
1760310000000,115221.4,115350.8,114733.65,114958.8,1099.4147
1760306400000,114882.06,115770.0,114882.06,115221.4,1743.39625
1760302800000,114927.97,115600.0,114217.75,114882.06,1611.66087
1760299200000,114342.28,115468.65,114342.27,114927.97,1817.36254
1760295600000,113878.93,114396.69,113826.65,114342.28,602.52008
1760292000000,113799.99,114236.87,113553.81,113878.93,817.9254
1760288400000,114069.35,114466.94,113516.38,113799.99,1614.34137
1760284800000,113198.2,114700.0,113198.2,114069.35,3600.56207
1760281200000,112338.11,113745.84,112078.0,113198.2,4043.27714
1760277600000,111297.51,112990.9,111177.75,112338.1,2798.771
1760274000000,111789.61,111934.51,111265.99,111297.52,1163.81644
1760270400000,111848.35,112250.0,111555.0,111789.6,1014.55206
1760266800000,111651.64,112133.33,111477.61,111848.36,1104.29864
1760263200000,111837.05,112026.63,111450.0,111651.64,536.97781
1760259600000,111310.9,111920.01,111139.87,111837.04,596.04536
1760256000000,111525.19,111798.99,111300.0,111310.9,573.49914
1760252400000,111686.02,111933.85,111491.09,111525.2,541.91728
1760248800000,111700.38,112125.51,111616.0,111686.01,764.04714
1760245200000,111524.87,111816.04,111188.0,111700.38,537.50918
1760241600000,110676.0,111957.14,110617.1,111524.87,887.82401
1760238000000,110119.02,111368.14,110002.2,110676.0,1361.57401
1760234400000,109978.56,110708.89,109600.0,110119.02,1047.04823
1760230800000,109641.54,110318.01,109641.46,109978.56,1205.41028
1760227200000,110644.4,110685.63,109565.06,109641.54,1171.55172
1760223600000,111043.26,111114.46,110644.0,110644.4,599.88173
1760220000000,110893.55,111291.61,110652.0,111043.27,571.096
1760216400000,110244.98,111000.0,109561.59,110893.54,1099.41658
1760212800000,111178.3,111368.29,109653.65,110244.98,1752.53778
1760209200000,111955.27,112025.4,110865.82,111178.31,1332.81972
1760205600000,112005.56,112025.4,111836.45,111955.27,292.78948
1760202000000,111846.18,112185.53,111715.99,112005.57,678.72551
1760198400000,111793.21,112089.92,111442.91,111846.18,834.57688
1760194800000,111991.97,112385.93,111793.2,111793.2,651.64855
1760191200000,112267.86,112342.11,111890.29,111991.97,1058.55252
1760187600000,112380.13,112500.0,111890.33,112267.86,973.48531
1760184000000,112280.01,112466.66,112037.98,112380.14,997.55713
1760180400000,112114.63,112359.67,111700.0,112280.0,969.90748
1760176800000,111642.78,112271.34,111621.77,112114.64,1350.7519
1760173200000,111328.38,111887.19,111274.41,111642.78,1627.2836
1760169600000,110384.6,111535.29,110162.23,111328.38,1981.19694
1760166000000,112046.0,112084.61,110090.29,110384.61,3230.51321
1760162400000,112389.48,112753.91,112000.0,112045.99,1208.64004
1760158800000,112945.79,112945.79,111992.85,112389.48,1256.8701
1760155200000,112300.0,112991.16,111700.0,112945.79,1446.73937
1760151600000,113196.48,113322.39,111800.0,112300.01,2190.21309
1760148000000,111095.38,113297.92,111082.0,113196.48,2926.55879
1760144400000,112514.57,112530.01,111019.43,111095.37,2796.42603
1760140800000,112774.49,113178.66,111620.3,112514.58,3620.32878
1760137200000,113700.0,114807.41,112652.76,112774.5,4977.36911
1760133600000,113451.87,114109.03,110879.69,113700.0,9370.17448
1760130000000,114266.82,115112.69,102000.0,113451.86,22932.63034
1760126400000,116661.5,117214.64,113039.0,114266.82,4454.56036
1760122800000,117237.7,117341.92,115952.47,116661.5,2733.41302
1760119200000,117623.8,117851.5,117237.0,117237.7,1448.7532
1760115600000,118205.61,118427.51,117579.79,117623.8,2197.93519
1760112000000,119018.99,119456.28,118205.6,118205.61,2074.44286
1760108400000,120493.16,120626.55,118500.0,119018.98,4690.68973
1760104800000,121684.18,122069.76,120479.2,120493.17,1335.80488
1760101200000,121597.22,122550.0,121384.6,121684.2,1452.77007
1760097600000,121554.55,121682.42,121420.0,121597.21,288.32785
1760094000000,121496.34,121661.62,121424.5,121554.55,357.66752
1760090400000,121314.73,121543.59,121228.83,121496.33,289.70624
1760086800000,121631.54,121777.07,121276.56,121314.73,473.35018
1760083200000,120932.05,121660.43,120916.44,121631.54,433.113
1760079600000,121378.19,121388.61,120855.41,120932.05,895.21452
1760076000000,121583.89,121754.34,121265.26,121378.18,687.86577
1760072400000,121234.52,121604.49,120986.08,121583.89,503.29572
1760068800000,121026.0,121388.58,121018.33,121234.51,480.17378
1760065200000,121059.73,121575.99,120909.15,121026.01,636.2431
1760061600000,121623.96,121651.33,120900.0,121059.73,812.25118
1760058000000,121745.26,121874.13,121489.06,121623.97,353.28358
1760054400000,121662.41,121863.74,121595.75,121745.27,292.90359
1760050800000,121686.19,121900.0,121341.22,121662.4,711.59334
1760047200000,121461.03,121768.01,121411.55,121686.19,467.98367
1760043600000,121109.08,121512.7,121065.77,121461.02,436.22306
1760040000000,120951.72,121199.97,120838.0,121109.09,743.67096
1760036400000,120649.33,121108.12,120649.32,120951.72,714.9231
1760032800000,120971.22,121100.0,120396.0,120649.32,956.31004
1760029200000,119819.76,121046.15,119651.47,120974.0,1671.39797
1760025600000,121147.15,121481.9,119707.29,119819.77,2831.42858
1760022000000,121315.01,121734.27,120673.99,121147.14,1236.17443
1760018400000,122415.74,122608.0,120736.96,121315.0,2613.44219
1760014800000,123563.38,123658.38,122277.76,122415.74,1233.13253
1760011200000,122737.56,123762.94,122709.1,123563.38,1483.31285
1760007600000,122170.26,122833.02,122170.26,122737.57,780.01914
1760004000000,121813.04,122340.0,121650.22,122170.27,462.62367
1760000400000,121261.62,121855.44,121261.62,121813.04,495.55613
1759996800000,121906.09,121960.97,121145.49,121261.62,951.24212
1759993200000,121957.32,122067.61,121724.71,121906.1,391.52251
1759989600000,122100.92,122185.98,121883.43,121957.32,336.40438
1759986000000,122144.7,122196.99,121823.94,122100.92,394.74775
1759982400000,122038.01,122264.0,121904.81,122144.7,328.47326
1759978800000,121617.81,122120.28,121603.59,122038.01,454.57002
1759975200000,122548.23,122548.23,121475.98,121617.81,831.85568
1759971600000,122839.16,122857.32,122339.41,122548.23,649.56359
1759968000000,123306.01,123348.32,122839.15,122839.15,383.1891
1759964400000,123200.82,123537.11,123056.31,123306.0,289.55534
1759960800000,123277.34,123416.73,123200.81,123200.82,132.25319
1759957200000,122856.7,123332.01,122794.4,123277.33,261.93729
1759953600000,123450.01,123737.0,122814.0,122856.69,673.60553
1759950000000,123460.21,123759.94,123160.82,123450.0,664.75988
1759946400000,124033.19,124197.25,123415.58,123460.22,1152.35838
1759942800000,123051.02,124164.36,122958.05,124033.19,1336.46427
1759939200000,122189.72,123129.23,122110.08,123051.03,641.94768
1759935600000,122319.99,122622.55,121954.34,122189.72,559.46428
1759932000000,122599.04,123350.0,122112.16,122320.0,1462.74459
1759928400000,122631.52,122774.96,121649.68,122599.04,886.89853
1759924800000,122884.14,123090.75,122542.27,122631.52,464.2609
1759921200000,122934.61,123200.0,122743.36,122884.14,817.9321
1759917600000,122516.99,123100.0,122498.05,122934.6,654.29848
1759914000000,122381.84,122644.0,122381.84,122516.98,474.15682
1759910400000,121597.05,122850.0,121524.01,122381.85,1462.35304
1759906800000,121784.3,121872.37,121311.91,121597.06,697.34775
1759903200000,121374.02,121841.54,121068.96,121784.29,552.19718
1759899600000,121900.01,121900.01,121173.86,121374.01,708.85271
1759896000000,121374.76,121910.24,121066.14,121900.0,712.4618
1759892400000,122048.28,122048.28,121200.0,121374.75,701.35291
1759888800000,121950.0,122229.66,121825.74,122048.28,534.11266
1759885200000,121914.09,122056.0,121605.75,121950.01,519.56378
1759881600000,121332.96,122089.68,121276.0,121914.09,651.73891
1759878000000,122011.17,122022.88,121258.08,121332.95,577.66296
1759874400000,122016.0,122173.5,121797.6,122011.17,404.31119
1759870800000,121943.61,122292.62,121765.9,122016.0,397.91117
1759867200000,121637.18,122196.48,121637.18,121943.61,493.62814
1759863600000,120895.37,122027.3,120860.46,121637.17,1334.54837
1759860000000,121130.02,121306.13,120574.94,120895.37,1099.60495
1759856400000,121684.17,121822.58,121100.0,121130.02,1241.13249
1759852800000,121846.01,122084.14,120800.02,121684.17,2051.61019
1759849200000,122725.36,122865.36,121172.89,121846.01,2798.67322
1759845600000,123891.68,124000.0,122568.0,122725.36,2078.9177
1759842000000,124918.0,125046.16,123288.0,123891.68,1734.891
1759838400000,124453.37,125126.0,124340.0,124917.99,747.53263
1759834800000,124282.18,124509.6,124179.99,124453.38,462.44628
1759831200000,124117.48,124413.75,124020.0,124282.19,385.65308
1759827600000,123861.75,124246.64,123861.74,124117.48,423.70195
1759824000000,123668.0,123999.98,123322.9,123861.75,1172.93284
1759820400000,123890.84,124038.0,123567.6,123667.99,730.09708
1759816800000,124414.17,124460.0,123800.0,123890.84,862.57843
1759813200000,124499.99,124640.76,124240.37,124414.17,424.20697
1759809600000,124329.74,124654.47,124109.1,124500.0,438.34342
1759806000000,124259.91,124568.44,124101.26,124329.74,379.16017
1759802400000,124699.99,124700.0,124159.22,124259.9,524.92821
1759798800000,124900.93,125082.27,124442.87,124699.99,470.23469
1759795200000,124658.54,124925.14,124600.0,124900.93,399.28672
1759791600000,125039.13,125100.0,124628.0,124658.54,364.0631
1759788000000,125097.86,125298.43,124784.41,125039.13,416.67058
1759784400000,125211.03,125268.5,124511.15,125097.85,907.58302
1759780800000,125410.8,125534.0,125032.01,125211.02,512.32035
1759777200000,126011.18,126134.71,125252.74,125410.81,919.42008
1759773600000,125284.01,126199.63,125044.46,126011.18,1439.873253
1759770000000,125455.25,125819.2,125126.67,125284.0,1451.39316
1759766400000,125000.0,125499.63,124800.0,125455.24,911.48586
1759762800000,124529.99,125408.29,124513.35,125000.0,852.17645
1759759200000,125031.34,125330.0,124339.38,124530.0,1331.91784
1759755600000,124556.65,125079.85,124385.74,125031.33,1406.49106
1759752000000,124215.0,124691.81,124178.0,124556.64,977.10945
1759748400000,123978.0,124531.66,123735.73,124215.0,960.05678
1759744800000,123955.29,124142.85,123899.42,123978.0,459.97878
1759741200000,123846.56,124056.73,123779.31,123955.3,791.39727
1759737600000,123390.47,123880.0,123390.46,123846.55,556.77898
1759734000000,123947.91,124035.89,123280.49,123390.47,749.33011
1759730400000,123586.01,124165.56,123586.0,123947.9,527.83575
1759726800000,123580.27,123750.0,123294.93,123586.0,558.79238
1759723200000,123839.09,123988.0,123554.27,123580.26,374.67011
1759719600000,124110.61,124126.31,123742.64,123839.09,303.52731
1759716000000,124035.33,124244.93,123476.04,124110.61,696.06889
1759712400000,123347.29,124239.7,123192.01,124035.32,720.59287
1759708800000,123482.32,124358.46,123084.0,123347.29,1305.09536
1759705200000,123237.4,123548.83,123219.62,123482.31,497.37068
1759701600000,122730.0,123278.76,122730.0,123237.4,329.01936
1759698000000,122705.31,122801.44,122489.85,122729.99,239.86372
1759694400000,122591.8,123055.05,122473.62,122705.32,347.70826
1759690800000,122999.44,123026.0,122500.0,122591.79,394.73151
1759687200000,123057.05,123220.3,122856.05,122999.44,586.52026
1759683600000,123265.55,123464.0,122890.38,123057.05,390.32827
1759680000000,122803.17,123348.45,122301.63,123265.54,1014.58046
1759676400000,123034.67,123034.67,122675.0,122803.17,420.97888
1759672800000,123161.4,123339.42,122770.32,123034.67,553.48643
1759669200000,123085.89,123358.83,123070.46,123161.39,684.83212
1759665600000,123464.64,123464.65,122927.17,123085.88,573.79261
1759662000000,123028.01,123538.46,122850.0,123464.64,714.20213
1759658400000,123020.51,123130.0,122520.24,123028.01,993.89021
1759654800000,124596.0,124665.37,122789.35,123020.5,2214.92936
1759651200000,124713.63,124838.37,124558.0,124595.99,532.28794
1759647600000,125000.01,125164.26,124622.6,124713.63,898.02731
1759644000000,125127.99,125225.54,124805.34,125000.01,821.20016
1759640400000,125172.81,125437.91,124876.72,125127.99,1956.24996
1759636800000,123776.23,125708.42,123734.0,125172.81,3667.071773
1759633200000,124031.44,124173.0,123344.98,123776.22,1077.99134
1759629600000,122377.71,124362.28,122342.0,124031.44,2633.63494
1759626000000,122157.71,122410.0,122136.0,122377.72,308.73428
1759622400000,122390.99,122410.0,122157.7,122157.7,191.66559
1759618800000,122287.19,122410.0,122214.0,122391.0,133.459
1759615200000,122190.67,122365.14,122139.98,122287.19,158.14137
1759611600000,121892.89,122347.55,121871.01,122190.67,282.5404
1759608000000,121959.25,122079.65,121891.49,121892.89,211.24587
1759604400000,121574.66,121959.25,121574.65,121959.25,213.72533
1759600800000,121747.36,121829.69,121510.0,121574.66,288.12119
1759597200000,121720.0,121910.24,121660.57,121747.37,289.33463
1759593600000,121791.31,121964.95,121595.67,121719.99,652.05349
1759590000000,122000.01,122144.28,121698.88,121791.31,700.83126
1759586400000,122385.42,122459.98,122000.0,122000.01,229.86148
1759582800000,122005.62,122509.52,122005.62,122385.42,319.16828
1759579200000,121973.26,122103.0,121945.0,122005.62,214.19564
1759575600000,122129.53,122215.97,121962.81,121973.26,316.89688
1759572000000,122208.79,122331.01,122099.69,122129.53,208.78248
1759568400000,122267.58,122457.17,122186.03,122208.78,244.01487
1759564800000,122324.08,122539.83,122197.63,122267.57,499.0421
1759561200000,122430.27,122455.0,122259.98,122324.08,253.33958
1759557600000,122522.7,122606.86,122373.9,122430.27,358.53969
1759554000000,122495.01,122800.0,122405.64,122522.7,588.87932
1759550400000,122243.99,122522.0,122219.3,122495.0,315.41672
1759546800000,121854.53,122325.6,121829.54,122243.99,356.40352
1759543200000,121865.22,122030.0,121684.97,121854.53,443.51459
1759539600000,122100.0,122103.24,121698.8,121865.21,486.29697
1759536000000,122232.21,122295.56,121982.23,122100.0,444.36212
1759532400000,122477.0,122477.0,122180.79,122232.0,290.85283
1759528800000,122306.57,122665.0,122306.56,122477.0,227.9953
1759525200000,122447.94,122452.1,121999.33,122306.57,392.75542
1759521600000,122661.0,122734.92,122037.43,122447.94,617.65815
1759518000000,122538.46,122961.63,122355.08,122660.99,661.21371
1759514400000,122073.26,122732.12,121466.25,122538.46,1175.09154
1759510800000,122553.3,123113.97,121603.42,122073.25,2932.08887
1759507200000,122258.04,123894.99,122258.04,122553.3,4679.2754
1759503600000,120917.1,122366.0,120641.27,122258.05,2558.07247
1759500000000,120374.72,120975.0,119881.24,120917.85,1151.84039
1759496400000,120358.07,120691.44,120113.0,120374.73,795.86923
1759492800000,120334.51,120400.0,120102.18,120358.07,423.63897
1759489200000,120425.95,120471.0,120130.76,120334.5,450.30439
1759485600000,120300.01,120515.89,120271.18,120425.95,575.58075
1759482000000,120038.6,120365.35,120008.6,120300.0,1073.47178
1759478400000,119640.22,120072.59,119248.3,120038.6,1368.04834
1759474800000,119916.94,120011.05,119610.59,119640.21,1193.694
1759471200000,119920.41,120075.62,119765.99,119916.93,356.16347
1759467600000,120039.98,120065.41,119746.81,119920.4,454.732
1759464000000,120225.88,120324.53,120000.4,120039.98,289.32576
1759460400000,120157.82,120472.12,120157.82,120225.89,503.41637
1759456800000,119875.72,120269.11,119866.18,120157.82,451.19476
1759453200000,120132.8,120293.68,119820.0,119875.72,537.61051
1759449600000,120529.35,120550.9,120079.0,120132.8,776.43359
1759446000000,120257.49,120680.35,120251.81,120529.35,524.1272
1759442400000,120150.1,120412.24,120072.46,120257.49,379.08266
1759438800000,120652.01,120774.97,120141.72,120150.1,546.60875
1759435200000,120836.49,120914.0,120306.02,120652.01,833.01817
1759431600000,120506.6,121022.07,120439.97,120836.49,1332.75893
1759428000000,119917.52,120663.96,119907.01,120506.61,1340.0858
1759424400000,119731.4,119956.84,119359.63,119917.52,625.48952
1759420800000,119910.78,120300.0,119607.82,119731.4,1570.77716
1759417200000,118814.09,119910.79,118516.39,119910.78,1405.75154
1759413600000,119621.19,119788.0,118642.2,118814.09,1237.9215
1759410000000,119402.43,119761.36,118933.25,119621.2,1531.32643
1759406400000,118765.72,119402.43,118742.91,119402.42,924.16679
1759402800000,118619.55,118900.01,118537.1,118765.73,414.31674
1759399200000,118849.99,118926.49,118567.85,118619.56,393.64914
1759395600000,118668.89,118850.0,118567.0,118849.99,343.02582
1759392000000,118489.76,118680.0,118354.61,118668.89,309.01675
1759388400000,118649.07,118678.98,118424.0,118489.76,496.19299
1759384800000,118377.34,118672.34,118295.87,118649.06,380.89847
1759381200000,118662.04,118677.32,118279.31,118377.34,484.81157
1759377600000,118733.99,118930.29,118432.64,118662.04,410.46135
1759374000000,118753.73,119058.82,118688.61,118733.99,595.85707
1759370400000,118617.37,118784.87,118483.39,118753.73,644.14993
1759366800000,118428.46,118894.12,118368.05,118617.37,734.6179
1759363200000,118594.99,119456.92,118397.32,118428.46,2212.72285
1759359600000,117745.39,118649.1,117686.28,118594.99,1161.22401
1759356000000,117554.95,118080.0,117554.95,117745.39,593.82096
1759352400000,117536.13,117579.43,117339.54,117554.96,278.91184
1759348800000,117439.53,117542.24,117163.25,117536.12,412.83403
1759345200000,117234.01,117623.59,117214.8,117439.53,483.28734
1759341600000,116768.08,117339.09,116768.07,117234.01,528.26692
1759338000000,117535.79,117681.27,116724.56,116768.07,962.36022
1759334400000,117423.73,118199.0,117319.04,117535.79,1840.40868
1759330800000,117292.73,117649.99,117091.84,117423.73,1008.01671
1759327200000,116806.96,117441.26,116704.74,117292.74,1631.53193
1759323600000,116402.65,116843.73,116399.5,116806.96,1233.59755
1759320000000,116789.57,116887.0,116363.38,116402.65,645.19981
1759316400000,116281.64,116795.85,116269.0,116789.58,642.47832
1759312800000,116412.1,116551.0,116203.5,116281.64,549.64831
1759309200000,116111.27,116529.93,115950.0,116412.1,1081.73774
1759305600000,114539.02,116591.8,114484.43,116111.28,2944.06599
1759302000000,114256.82,114584.35,114236.59,114539.02,446.26236
1759298400000,114569.84,114624.3,114224.88,114256.81,392.52281
1759294800000,114289.02,114740.0,114265.63,114569.84,559.75519
1759291200000,114176.93,114700.0,114151.0,114289.01,597.89328
1759287600000,114272.16,114530.48,114096.58,114176.92,502.30318
1759284000000,114549.99,114551.76,114272.15,114272.15,508.42422
1759280400000,114239.53,114550.0,114142.99,114549.99,597.2536
1759276800000,114048.94,114308.0,113966.67,114239.53,434.59016
1759273200000,113940.4,114048.94,113765.42,114048.93,268.4376
1759269600000,114161.0,114356.98,113883.01,113940.39,348.9346
1759266000000,114626.36,114754.87,114136.5,114161.0,649.46746
1759262400000,114359.99,114723.57,114110.09,114626.36,710.64838
1759258800000,113714.55,114563.46,113702.01,114359.99,971.66803
1759255200000,113246.12,113714.56,113177.37,113714.56,431.8583
1759251600000,112841.23,113503.99,112813.82,113246.11,745.57241
1759248000000,113106.15,113279.92,112800.0,112841.24,386.78887
1759244400000,113595.04,113598.27,112919.95,113106.16,758.86878
1759240800000,113404.53,113630.13,112900.0,113595.05,910.17644
1759237200000,113002.06,113677.23,112866.11,113404.53,823.64679
1759233600000,113055.0,113255.99,112990.75,113002.06,347.5946
1759230000000,112923.5,113135.44,112810.62,113055.01,498.77683
1759226400000,112781.97,113085.23,112656.27,112923.49,721.99583
1759222800000,113451.89,113451.89,112731.41,112781.97,995.05591
1759219200000,113699.24,113741.37,113350.35,113451.89,653.46315
1759215600000,113891.64,113994.61,113585.0,113699.23,745.45417
1759212000000,113904.0,114084.22,113838.41,113891.64,527.62041
1759208400000,114091.63,114205.17,113827.24,113904.0,698.31455
1759204800000,114376.39,114376.4,114091.62,114091.63,355.43204
1759201200000,114455.96,114514.5,114303.06,114376.39,388.27883
1759197600000,114500.32,114583.19,114360.0,114455.96,385.99253
1759194000000,114525.97,114792.0,114255.38,114500.31,766.2566
1759190400000,114311.97,114758.0,114040.35,114525.97,953.85322
1759186800000,114189.8,114395.92,114189.8,114311.96,345.31333
1759183200000,114176.72,114216.41,114020.0,114189.81,443.81221
1759179600000,114258.29,114329.8,114095.36,114176.73,218.26557
1759176000000,114265.56,114400.0,114122.12,114258.29,497.44944
1759172400000,114008.78,114390.93,113848.63,114265.55,747.93438
1759168800000,114043.92,114137.73,113867.02,114008.79,396.89151
1759165200000,113626.15,114151.0,113449.74,114043.91,843.56729
1759161600000,113815.57,114053.0,113600.0,113626.15,728.01207
1759158000000,114033.54,114127.13,113686.06,113815.57,858.42631
1759154400000,113227.29,114231.56,113220.21,114033.53,1791.07159
1759150800000,112022.0,113490.0,111901.26,113227.29,1670.66371
1759147200000,112100.0,112515.0,111940.0,112022.16,744.63691
1759143600000,112090.19,112112.86,111923.13,112100.0,401.91096
1759140000000,112110.9,112225.0,112012.73,112090.18,476.12298
1759136400000,112099.74,112219.0,111988.13,112110.9,460.23123
1759132800000,111865.96,112421.99,111865.95,112099.75,787.97678
1759129200000,111632.83,111865.96,111560.65,111865.95,869.2909
1759125600000,111753.34,111850.0,111624.0,111632.83,334.53443
1759122000000,111812.01,111812.01,111575.38,111753.34,348.73721
1759118400000,111857.51,111904.34,111750.0,111812.0,278.79762
1759114800000,111750.02,111857.51,111588.07,111857.51,310.12302
1759111200000,111855.3,112022.27,111632.72,111750.02,621.54504
1759107600000,112260.57,112310.0,111721.79,111855.3,649.21896
1759104000000,112163.96,112309.98,111985.0,112260.57,716.5866
1759100400000,111938.51,112350.0,111938.51,112163.95,807.38282
1759096800000,110833.99,112014.0,110833.99,111938.51,1130.21918
1759093200000,110803.8,110896.33,110640.81,110833.99,275.55071
1759089600000,110337.61,110945.0,110294.78,110803.8,510.0654
1759086000000,110293.56,110388.46,110119.71,110337.6,184.24395
1759082400000,110203.53,110293.56,110060.88,110293.56,140.49771
1759078800000,110222.01,110377.05,110130.26,110203.52,374.79675
1759075200000,110037.92,110393.63,110008.54,110222.02,516.23853
1759071600000,109850.0,110037.93,109712.23,110037.93,338.92347
1759068000000,109639.0,109888.0,109502.56,109850.01,370.11862
1759064400000,109314.99,109668.98,109314.98,109639.0,332.00919
1759060800000,109369.02,109451.04,109189.99,109314.99,308.15163
1759057200000,109368.43,109447.28,109250.0,109369.02,293.31231
1759053600000,109519.43,109519.43,109368.43,109368.44,143.70537
1759050000000,109509.91,109559.89,109323.88,109519.42,209.63846
1759046400000,109513.06,109585.39,109423.21,109509.91,216.27847
1759042800000,109410.0,109537.8,109350.0,109513.06,178.6647
1759039200000,109356.44,109455.97,109260.0,109410.0,167.02015
1759035600000,109365.9,109398.0,109356.42,109356.43,124.07352
1759032000000,109436.0,109486.1,109365.88,109365.9,99.29239
1759028400000,109447.54,109535.0,109409.17,109436.0,123.06023
1759024800000,109353.68,109535.0,109353.67,109447.55,194.54739
1759021200000,109607.81,109654.85,109325.05,109353.67,221.5149
1759017600000,109635.85,109787.75,109548.0,109607.81,283.02575
1759014000000,109605.63,109683.16,109461.53,109635.85,97.55978
1759010400000,109474.98,109699.98,109474.98,109605.62,175.35372
1759006800000,109390.0,109483.55,109389.47,109474.99,119.69499
1759003200000,109424.21,109435.0,109362.72,109390.0,60.18528
1758999600000,109434.96,109440.0,109383.48,109424.2,76.33855
1758996000000,109382.48,109434.99,109345.11,109434.96,154.7658
1758992400000,109389.05,109410.0,109243.89,109382.47,183.15972
1758988800000,109402.25,109427.76,109308.0,109389.04,176.55452
1758985200000,109287.89,109427.4,109193.0,109402.24,204.90854
1758981600000,109306.61,109387.51,109255.9,109287.89,273.62629
1758978000000,109400.06,109412.14,109299.64,109306.61,336.77227
1758974400000,109310.22,109477.59,109227.14,109400.05,336.07633
1758970800000,109431.71,109440.65,109280.0,109310.21,244.4871
1758967200000,109292.74,109477.69,109256.07,109431.7,322.59239
1758963600000,109252.01,109347.59,109064.4,109292.73,409.97831
1758960000000,109411.19,109411.2,109252.0,109252.01,379.23249
1758956400000,109541.36,109570.36,109332.02,109411.2,290.72314
1758952800000,109635.73,109635.73,109481.44,109541.36,241.06138
1758949200000,109654.99,109684.29,109593.65,109635.72,128.97939
1758945600000,109553.77,109742.27,109514.63,109654.99,248.07725
1758942000000,109408.18,109743.91,109384.63,109553.77,262.25571
1758938400000,109431.92,109482.64,109324.42,109408.18,280.63961
1758934800000,109649.29,109657.45,109330.08,109431.92,230.21003
1758931200000,109643.46,109660.88,109472.23,109649.29,268.55384
1758927600000,109558.24,109687.69,109432.07,109643.46,213.65814
1758924000000,109469.07,109607.38,109348.0,109558.25,183.31873
1758920400000,109288.45,109530.0,109189.17,109469.07,210.90009
1758916800000,109172.21,109347.59,109087.57,109288.44,245.23004
1758913200000,109727.99,109727.99,109030.41,109172.2,603.81607
1758909600000,109900.0,110300.0,109700.0,109727.99,571.22129
1758906000000,109460.0,110000.0,109392.35,109899.99,627.01224
1758902400000,109027.79,109618.0,109027.78,109460.01,291.37899
1758898800000,108836.0,109358.5,108802.04,109027.78,486.11543
1758895200000,109669.72,109779.73,108764.76,108836.0,900.4525
1758891600000,109372.68,109779.73,109000.0,109669.73,991.99403
1758888000000,109133.5,109579.0,108824.82,109372.68,863.36244
1758884400000,108894.99,109200.0,108620.07,109133.5,923.24217
1758880800000,109568.72,109568.72,108697.42,108895.0,735.10273
1758877200000,109567.2,109690.98,109393.37,109568.72,441.33309
1758873600000,109320.02,109607.5,109304.72,109567.2,575.78415
1758870000000,109360.0,109593.49,108913.0,109320.02,1776.45411
1758866400000,109252.79,109624.16,109016.0,109360.0,592.34105
1758862800000,109338.02,109579.99,109085.78,109252.79,371.75832
1758859200000,109580.0,109625.94,109250.87,109338.01,315.34456
1758855600000,109621.7,109635.8,109293.25,109580.01,504.99021
1758852000000,109680.39,109798.84,109487.26,109621.7,497.29551
1758848400000,109472.12,109762.59,109313.17,109680.4,452.15578
1758844800000,108994.49,109614.67,108809.24,109472.13,868.75424
1758841200000,109419.97,109685.72,108765.0,108994.49,1046.26824
1758837600000,109420.0,109587.99,109261.02,109419.97,280.53982
1758834000000,109163.45,109666.3,109074.11,109420.0,347.85454
1758830400000,109360.0,109482.62,109057.06,109163.44,424.7182
1758826800000,109760.2,109973.4,109302.54,109360.0,1217.19366
1758823200000,108833.63,109801.78,108631.51,109760.2,1427.42291
1758819600000,110957.28,110968.4,108654.0,108833.63,2899.70308
1758816000000,111580.77,111672.58,110904.91,110957.29,585.10481
1758812400000,111540.01,111587.75,110868.9,111580.77,599.58449
1758808800000,111000.0,111729.52,110983.03,111540.0,856.73547
1758805200000,111111.01,111719.05,110629.99,111000.0,2220.16862
1758801600000,111347.99,111656.81,111020.0,111111.0,1058.2697
1758798000000,111648.19,111728.48,111283.63,111348.0,543.64106
1758794400000,111571.58,111854.12,111525.81,111648.19,434.41742
1758790800000,111727.2,112246.46,111571.57,111571.58,771.79377
1758787200000,111766.73,112031.18,111689.38,111727.21,537.9101
1758783600000,111533.26,111883.23,111450.42,111766.72,515.14719
1758780000000,111749.91,111843.3,111515.87,111533.26,371.96659
1758776400000,111735.67,112040.0,111597.86,111749.91,705.54263
1758772800000,112546.22,112614.43,111584.23,111735.66,1337.55309
1758769200000,112907.38,112907.39,112214.74,112546.21,773.34995
1758765600000,112661.24,113179.94,112510.06,112907.38,569.88139
1758762000000,113062.35,113369.98,112446.15,112661.24,1139.29698
1758758400000,113307.01,113510.23,112960.0,113062.35,567.08586
1758754800000,113336.34,113429.12,113204.71,113307.0,417.66352
1758751200000,113339.63,113647.58,113250.59,113336.33,268.57434
1758747600000,113501.52,113584.02,113283.99,113339.63,274.44453
1758744000000,113420.0,113609.25,113401.99,113501.52,233.37909
1758740400000,113639.8,113682.46,113292.25,113420.01,306.5127
1758736800000,113761.31,113830.66,113512.53,113639.8,202.61449
1758733200000,113732.01,113940.0,113616.0,113761.3,361.88913
1758729600000,113346.4,113753.0,113163.21,113732.01,447.67953
1758726000000,113720.64,113883.68,113257.01,113346.41,717.74437
1758722400000,112823.62,113890.0,112823.61,113720.64,966.18934
1758718800000,113070.69,113222.69,112808.0,112823.62,578.33959
1758715200000,113029.45,113097.99,112944.0,113070.69,272.77737
1758711600000,112941.99,113162.17,112877.3,113029.46,548.21142
1758708000000,112735.05,112960.0,112668.51,112941.98,402.84076
1758704400000,112622.81,112837.42,112501.38,112735.06,247.34844
1758700800000,112583.54,112636.85,112405.62,112622.8,369.32812
1758697200000,112596.7,112742.06,112459.44,112583.54,538.1822
1758693600000,112636.85,112779.37,112535.78,112596.69,508.56699
1758690000000,112161.94,112666.74,112133.83,112636.84,480.95742
1758686400000,111683.1,112374.32,111042.66,112161.93,1377.98323
1758682800000,112111.62,112223.15,111683.09,111683.09,1081.07058
1758679200000,112451.25,112500.0,111896.43,112111.62,1045.64078
1758675600000,112230.73,112500.0,112140.0,112451.26,263.95045
1758672000000,111998.8,112380.0,111816.86,112230.72,457.37128
1758668400000,112159.24,112220.54,111879.73,111998.8,242.62314
1758664800000,112161.53,112213.95,112002.16,112159.23,231.71626
1758661200000,111985.78,112202.24,111893.44,112161.54,270.56814
1758657600000,111655.29,111994.99,111458.73,111985.77,495.90964
1758654000000,111780.09,111979.27,111540.2,111655.29,565.08344
1758650400000,111957.76,112200.0,111686.9,111780.1,710.40527
1758646800000,112823.62,112823.62,111888.0,111957.76,587.62346
1758643200000,112882.2,112958.58,112486.37,112823.63,531.06975
1758639600000,112652.91,113072.89,112496.61,112882.19,466.71943
1758636000000,112952.32,113290.5,112571.81,112652.91,713.09459
1758632400000,112941.01,113024.31,112722.78,112952.31,426.02927
1758628800000,112975.99,113049.9,112811.4,112941.02,342.98937
1758625200000,112969.32,113081.35,112683.33,112975.99,343.04129
1758621600000,112934.48,113006.56,112828.62,112969.32,382.87944
1758618000000,113133.84,113281.5,112888.0,112934.47,430.99222
1758614400000,113090.13,113177.72,112936.98,113133.84,657.66339
1758610800000,112974.97,113114.01,112882.48,113090.13,754.18067
1758607200000,112665.44,113111.89,112616.93,112974.96,574.99132
1758603600000,112442.29,112894.49,112413.01,112665.44,645.16259
1758600000000,112339.99,112469.21,111876.15,112442.3,530.4818
1758596400000,111811.88,112446.97,111478.0,112339.99,840.03485
1758592800000,112156.66,112487.38,111674.0,111811.88,717.47413
1758589200000,112395.32,112502.29,112138.88,112156.66,439.66589
1758585600000,112650.99,112833.09,112385.23,112395.32,400.92095
1758582000000,112643.25,112739.14,112592.2,112650.99,135.31095
1758578400000,112969.99,112970.0,112594.33,112643.25,289.60715
1758574800000,112781.87,112970.0,112602.79,112969.99,293.31156
1758571200000,112122.9,112977.41,111975.28,112781.88,596.84005
1758567600000,112429.12,112600.87,111936.4,112122.9,1307.37365
