Fecha,Patrón,Precio,Volumen alto,Soporte,Resistencia,Tendencia previa,Recomendación
2025-09-12 22:00,Piercing Line,116027.46,No,No,No,bajista,⚠️ No clara
2025-09-12 23:00,Hammer,116029.42,No,No,No,lateral,⚠️ No clara
2025-09-12 23:00,Inside Bar,116029.42,No,No,No,lateral,⚠️ No clara
2025-09-13 00:00,Three White Soldiers,116209.32,No,No,No,alcista,⚠️ No clara
2025-09-13 01:00,Dark Cloud Cover,115764.30,No,No,No,alcista,⚠️ No clara
2025-09-13 02:00,Inside Bar,115886.17,No,No,No,lateral,⚠️ No clara
2025-09-13 04:00,Dark Cloud Cover,115698.40,No,No,No,alcista,⚠️ No clara
2025-09-13 05:00,Hammer,115704.04,No,No,No,lateral,⚠️ No clara
2025-09-13 06:00,Inside Bar,115749.99,No,No,No,lateral,⚠️ No clara
2025-09-13 07:00,Shooting Star,115778.71,No,No,No,alcista,⚠️ No clara
2025-09-13 07:00,Three White Soldiers,115778.71,No,No,No,alcista,⚠️ No clara
2025-09-13 08:00,Three White Soldiers,115978.01,No,No,No,alcista,⚠️ No clara
2025-09-13 09:00,Three White Soldiers,116035.33,No,No,No,alcista,⚠️ No clara
2025-09-13 09:00,Inside Bar,116035.33,No,No,No,alcista,⚠️ No clara
2025-09-13 10:00,Dark Cloud Cover,115937.99,No,No,No,alcista,⚠️ No clara
2025-09-13 12:00,Hammer,116002.91,No,No,No,lateral,⚠️ No clara
2025-09-13 12:00,Morning Star,116002.91,No,No,No,lateral,⚠️ No clara
2025-09-13 12:00,Outside Bar,116002.91,No,No,No,lateral,⚠️ No clara
2025-09-13 13:00,Dark Cloud Cover,115761.05,No,Sí,No,alcista,⚠️ No clara
2025-09-13 13:00,Evening Star,115761.05,No,Sí,No,alcista,⚠️ No clara
2025-09-13 14:00,Hammer,115797.68,No,Sí,No,lateral,⚠️ No clara
2025-09-13 15:00,Hammer,115768.68,No,Sí,No,lateral,⚠️ No clara
2025-09-13 15:00,Dark Cloud Cover,115768.68,No,Sí,No,lateral,⚠️ No clara
2025-09-13 15:00,Inside Bar,115768.68,No,Sí,No,lateral,⚠️ No clara
2025-09-13 16:00,Evening Star,115334.00,No,Sí,No,lateral,⚠️ No clara
2025-09-13 17:00,Piercing Line,115571.78,No,Sí,No,bajista,⚠️ No clara
2025-09-13 17:00,Inside Bar,115571.78,No,Sí,No,bajista,⚠️ No clara
2025-09-13 18:00,Hammer,115633.92,No,No,No,lateral,⚠️ No clara
2025-09-13 19:00,Three White Soldiers,115797.12,No,No,No,alcista,⚠️ No clara
2025-09-13 20:00,Three White Soldiers,115905.88,No,No,No,alcista,⚠️ No clara
2025-09-13 21:00,Hammer,115895.39,No,No,No,alcista,⚠️ No clara
2025-09-13 21:00,Inside Bar,115895.39,No,No,No,alcista,⚠️ No clara
2025-09-13 22:00,Hammer,115871.58,No,No,No,lateral,⚠️ No clara
2025-09-13 23:00,Piercing Line,115918.29,No,No,Sí,bajista,⚠️ No clara
2025-09-14 00:00,Hammer,115935.60,No,No,Sí,lateral,⚠️ No clara
2025-09-14 00:00,Outside Bar,115935.60,No,No,Sí,lateral,⚠️ No clara
2025-09-14 01:00,Hammer,115962.93,No,No,Sí,alcista,⚠️ No clara
2025-09-14 01:00,Three White Soldiers,115962.93,No,No,Sí,alcista,⚠️ No clara
2025-09-14 02:00,Dark Cloud Cover,115852.95,No,No,Sí,alcista,⚠️ No clara
2025-09-14 02:00,Evening Star,115852.95,No,No,Sí,alcista,⚠️ No clara
2025-09-14 04:00,Hammer,115750.99,No,Sí,No,bajista,⚠️ No clara
2025-09-14 06:00,Dark Cloud Cover,115734.23,No,No,No,alcista,⚠️ No clara
2025-09-14 06:00,Outside Bar,115734.23,No,No,No,alcista,⚠️ No clara
2025-09-14 07:00,Piercing Line,115805.39,No,No,No,lateral,⚠️ No clara
2025-09-14 07:00,Inside Bar,115805.39,No,No,No,lateral,⚠️ No clara
2025-09-14 09:00,Three White Soldiers,116052.09,No,No,Sí,alcista,⚠️ No clara
2025-09-14 10:00,Hammer,116027.26,No,No,Sí,alcista,⚠️ No clara
2025-09-14 10:00,Inside Bar,116027.26,No,No,Sí,alcista,⚠️ No clara
2025-09-14 11:00,Evening Star,115794.91,No,No,Sí,lateral,⚠️ No clara
2025-09-14 12:00,Hammer,115776.31,No,No,No,bajista,⚠️ No clara
2025-09-14 12:00,Three Black Crows,115776.31,No,No,No,bajista,⚠️ No clara
2025-09-14 13:00,Three Black Crows,115348.10,No,Sí,No,bajista,⚠️ No clara
2025-09-14 14:00,Hammer,115401.75,No,Sí,No,bajista,⚠️ No clara
2025-09-14 15:00,Dark Cloud Cover,115224.01,No,No,No,lateral,⚠️ No clara
2025-09-14 15:00,Inside Bar,115224.01,No,No,No,lateral,⚠️ No clara
2025-09-14 16:00,Piercing Line,115480.00,No,Sí,No,lateral,⚠️ No clara
2025-09-14 16:00,Outside Bar,115480.00,No,Sí,No,lateral,⚠️ No clara
2025-09-14 18:00,Dark Cloud Cover,115388.21,No,No,No,alcista,⚠️ No clara
2025-09-14 19:00,Piercing Line,115634.99,No,No,No,lateral,⚠️ No clara
2025-09-14 19:00,Outside Bar,115634.99,No,No,No,lateral,⚠️ No clara
2025-09-14 21:00,Three White Soldiers,116058.88,No,No,Sí,alcista,⚠️ No clara
2025-09-14 21:00,Outside Bar,116058.88,No,No,Sí,alcista,⚠️ No clara
2025-09-14 22:00,Hammer,116009.61,No,No,Sí,alcista,⚠️ No clara
2025-09-14 22:00,Inside Bar,116009.61,No,No,Sí,alcista,⚠️ No clara
2025-09-14 23:00,Evening Star,115268.01,No,Sí,Sí,lateral,⚠️ No clara
2025-09-15 00:00,Three Black Crows,115071.32,No,Sí,No,bajista,⚠️ No clara
2025-09-15 01:00,Piercing Line,115231.69,No,Sí,No,bajista,⚠️ No clara
2025-09-15 01:00,Outside Bar,115231.69,No,Sí,No,bajista,⚠️ No clara
2025-09-15 03:00,Three White Soldiers,115445.45,No,No,No,alcista,⚠️ No clara
2025-09-15 04:00,Three White Soldiers,116058.01,No,No,Sí,alcista,⚠️ No clara
2025-09-15 05:00,Three White Soldiers,116520.00,No,No,Sí,alcista,⚠️ No clara
2025-09-15 06:00,Dark Cloud Cover,116129.99,No,No,Sí,alcista,⚠️ No clara
2025-09-15 08:00,Three Black Crows,114737.27,Sí,Sí,No,bajista,⚠️ No clara
2025-09-15 09:00,Shooting Star,114868.59,Sí,Sí,No,bajista,⚠️ No clara
2025-09-15 10:00,Dark Cloud Cover,114769.04,No,No,No,lateral,⚠️ No clara
2025-09-15 10:00,Inside Bar,114769.04,No,No,No,lateral,⚠️ No clara
2025-09-15 11:00,Bullish Engulfing,115070.00,No,No,No,lateral,⚠️ No clara
2025-09-15 12:00,Bearish Engulfing,114721.04,No,Sí,No,lateral,⚠️ No clara
2025-09-15 13:00,Hammer,114664.08,Sí,Sí,No,lateral,⚠️ No clara
2025-09-15 13:00,Outside Bar,114664.08,Sí,Sí,No,lateral,⚠️ No clara
2025-09-15 14:00,Hammer,114679.56,No,Sí,No,bajista,⚠️ No clara
2025-09-15 14:00,Inside Bar,114679.56,No,Sí,No,bajista,⚠️ No clara
2025-09-15 15:00,Morning Star,114842.90,No,Sí,No,lateral,⚠️ No clara
2025-09-15 16:00,Dark Cloud Cover,114662.57,No,No,No,alcista,⚠️ No clara
2025-09-15 17:00,Piercing Line,115120.03,No,No,No,lateral,⚠️ No clara
2025-09-15 19:00,Hammer,115307.78,No,No,Sí,alcista,⚠️ No clara
2025-09-15 20:00,Piercing Line,115379.99,No,No,Sí,lateral,⚠️ No clara
2025-09-15 20:00,Inside Bar,115379.99,No,No,Sí,lateral,⚠️ No clara
2025-09-15 22:00,Dark Cloud Cover,115288.01,No,No,Sí,alcista,⚠️ No clara
2025-09-15 22:00,Outside Bar,115288.01,No,No,Sí,alcista,⚠️ No clara
2025-09-15 23:00,Shooting Star,115349.71,No,No,No,lateral,⚠️ No clara
2025-09-15 23:00,Inside Bar,115349.71,No,No,No,lateral,⚠️ No clara
2025-09-16 00:00,Dark Cloud Cover,115088.66,No,No,No,lateral,⚠️ No clara
2025-09-16 01:00,Shooting Star,115024.24,No,No,Sí,lateral,⚠️ No clara
2025-09-16 02:00,Shooting Star,115034.47,No,No,No,bajista,⚠️ No clara
2025-09-16 02:00,Inside Bar,115034.47,No,No,No,bajista,⚠️ No clara
2025-09-16 03:00,Morning Star,115307.25,No,No,No,lateral,⚠️ No clara
2025-09-16 04:00,Three White Soldiers,115503.01,No,Sí,Sí,alcista,⚠️ No clara
2025-09-16 04:00,Outside Bar,115503.01,No,Sí,Sí,alcista,⚠️ No clara
2025-09-16 05:00,Three White Soldiers,115936.65,No,No,Sí,alcista,⚠️ No clara
2025-09-16 07:00,Inside Bar,115840.00,No,No,No,lateral,⚠️ No clara
2025-09-16 08:00,Dark Cloud Cover,115658.76,No,No,Sí,lateral,⚠️ No clara
2025-09-16 08:00,Outside Bar,115658.76,No,No,Sí,lateral,⚠️ No clara
2025-09-16 10:00,Three Black Crows,115372.46,No,No,No,bajista,⚠️ No clara
2025-09-16 11:00,Three Black Crows,115287.83,No,No,No,bajista,⚠️ No clara
2025-09-16 12:00,Piercing Line,115439.36,No,No,No,bajista,⚠️ No clara
2025-09-16 13:00,Dark Cloud Cover,115200.00,Sí,Sí,No,lateral,⚠️ No clara
2025-09-16 13:00,Outside Bar,115200.00,Sí,Sí,No,lateral,⚠️ No clara
2025-09-16 14:00,Hammer,115296.86,No,Sí,No,lateral,⚠️ No clara
2025-09-16 14:00,Inside Bar,115296.86,No,Sí,No,lateral,⚠️ No clara
2025-09-16 15:00,Morning Star,115905.88,No,No,Sí,lateral,⚠️ No clara
2025-09-16 16:00,Three White Soldiers,116068.06,No,No,Sí,alcista,⚠️ No clara
2025-09-16 17:00,Three White Soldiers,116461.54,Sí,No,Sí,alcista,⚠️ No clara
2025-09-16 18:00,Hammer,116418.86,No,No,Sí,alcista,⚠️ No clara
2025-09-16 18:00,Inside Bar,116418.86,No,No,Sí,alcista,⚠️ No clara
2025-09-16 19:00,Piercing Line,116800.12,No,No,Sí,lateral,⚠️ No clara
2025-09-16 21:00,Hammer,116800.51,No,No,Sí,alcista,⚠️ No clara
2025-09-16 21:00,Dark Cloud Cover,116800.51,No,No,Sí,alcista,⚠️ No clara
2025-09-16 21:00,Outside Bar,116800.51,No,No,Sí,alcista,⚠️ No clara
2025-09-16 22:00,Piercing Line,116855.58,No,No,Sí,lateral,⚠️ No clara
2025-09-16 23:00,Hammer,116788.96,No,No,Sí,lateral,⚠️ No clara
2025-09-16 23:00,Dark Cloud Cover,116788.96,No,No,Sí,lateral,⚠️ No clara
2025-09-17 02:00,Hammer,116686.43,No,No,Sí,lateral,⚠️ No clara
2025-09-17 02:00,Morning Star,116686.43,No,No,Sí,lateral,⚠️ No clara
2025-09-17 03:00,Dark Cloud Cover,116372.04,No,No,No,alcista,⚠️ No clara
2025-09-17 03:00,Evening Star,116372.04,No,No,No,alcista,⚠️ No clara
2025-09-17 04:00,Hammer,116313.49,No,Sí,No,lateral,⚠️ No clara
2025-09-17 05:00,Piercing Line,117108.30,Sí,Sí,Sí,bajista,✅ Compra
2025-09-17 05:00,Morning Star,117108.30,Sí,Sí,Sí,bajista,✅ Compra
2025-09-17 07:00,Dark Cloud Cover,117162.48,No,No,Sí,alcista,⚠️ No clara
2025-09-17 07:00,Inside Bar,117162.48,No,No,Sí,alcista,⚠️ No clara
2025-09-17 08:00,Evening Star,116860.00,No,No,Sí,lateral,⚠️ No clara
2025-09-17 09:00,Three Black Crows,116550.01,No,No,No,bajista,⚠️ No clara
2025-09-17 10:00,Three Black Crows,116359.14,No,No,No,bajista,⚠️ No clara
2025-09-17 11:00,Three Black Crows,116258.13,No,No,No,bajista,⚠️ No clara
2025-09-17 12:00,Hammer,116204.94,No,Sí,No,bajista,⚠️ No clara
2025-09-17 12:00,Three Black Crows,116204.94,No,Sí,No,bajista,⚠️ No clara
2025-09-17 12:00,Outside Bar,116204.94,No,Sí,No,bajista,⚠️ No clara
2025-09-17 13:00,Hammer,116107.19,No,Sí,No,bajista,⚠️ No clara
2025-09-17 13:00,Three Black Crows,116107.19,No,Sí,No,bajista,⚠️ No clara
2025-09-17 14:00,Three Black Crows,115606.61,Sí,Sí,No,bajista,⚠️ No clara
2025-09-17 15:00,Piercing Line,115875.32,No,No,No,bajista,⚠️ No clara
2025-09-17 15:00,Inside Bar,115875.32,No,No,No,bajista,⚠️ No clara
2025-09-17 16:00,Dark Cloud Cover,115640.77,No,Sí,No,lateral,⚠️ No clara
2025-09-17 17:00,Shooting Star,115504.48,No,Sí,No,lateral,⚠️ No clara
2025-09-17 18:00,Shooting Star,115226.93,Sí,Sí,No,bajista,⚠️ No clara
2025-09-17 18:00,Three Black Crows,115226.93,Sí,Sí,No,bajista,⚠️ No clara
2025-09-17 18:00,Outside Bar,115226.93,Sí,Sí,No,bajista,⚠️ No clara
2025-09-17 19:00,Piercing Line,115652.02,Sí,No,No,bajista,⚠️ No clara
2025-09-17 19:00,Inside Bar,115652.02,Sí,No,No,bajista,⚠️ No clara
2025-09-17 20:00,Hammer,115621.47,No,No,No,lateral,⚠️ No clara
2025-09-17 21:00,Piercing Line,116038.39,No,No,No,lateral,⚠️ No clara
2025-09-17 23:00,Shooting Star,116447.59,Sí,No,Sí,alcista,🔻 Venta
2025-09-18 00:00,Hammer,116350.65,No,No,No,lateral,⚠️ No clara
2025-09-18 01:00,Piercing Line,116634.84,No,No,No,bajista,⚠️ No clara
2025-09-18 01:00,Morning Star,116634.84,No,No,No,bajista,⚠️ No clara
2025-09-18 03:00,Three White Soldiers,117581.66,Sí,No,Sí,alcista,⚠️ No clara
2025-09-18 04:00,Hammer,117605.16,No,No,No,alcista,⚠️ No clara
2025-09-18 04:00,Three White Soldiers,117605.16,No,No,No,alcista,⚠️ No clara
2025-09-18 04:00,Inside Bar,117605.16,No,No,No,alcista,⚠️ No clara
2025-09-18 05:00,Dark Cloud Cover,117273.36,No,No,No,alcista,⚠️ No clara
2025-09-18 07:00,Hammer,117086.01,No,No,No,bajista,⚠️ No clara
2025-09-18 07:00,Three Black Crows,117086.01,No,No,No,bajista,⚠️ No clara
2025-09-18 07:00,Inside Bar,117086.01,No,No,No,bajista,⚠️ No clara
2025-09-18 08:00,Piercing Line,117229.59,No,No,No,bajista,⚠️ No clara
2025-09-18 08:00,Morning Star,117229.59,No,No,No,bajista,⚠️ No clara
2025-09-18 08:00,Outside Bar,117229.59,No,No,No,bajista,⚠️ No clara
2025-09-18 09:00,Inside Bar,117298.81,No,No,No,lateral,⚠️ No clara
2025-09-18 10:00,Bearish Engulfing,117190.47,No,No,No,alcista,⚠️ No clara
2025-09-18 12:00,Shooting Star,117124.69,No,No,No,bajista,⚠️ No clara
2025-09-18 13:00,Morning Star,117432.04,No,Sí,Sí,lateral,⚠️ No clara
2025-09-18 14:00,Three White Soldiers,117640.54,No,No,Sí,alcista,⚠️ No clara
2025-09-18 15:00,Hammer,117583.56,Sí,No,No,alcista,⚠️ No clara
2025-09-18 16:00,Hammer,117565.60,No,No,Sí,lateral,⚠️ No clara
2025-09-18 17:00,Hammer,117579.93,No,No,No,bajista,⚠️ No clara
2025-09-18 17:00,Piercing Line,117579.93,No,No,No,bajista,⚠️ No clara
2025-09-18 18:00,Morning Star,117822.97,No,No,Sí,lateral,⚠️ No clara
2025-09-18 19:00,Bearish Engulfing,117450.21,No,No,Sí,alcista,⚠️ No clara
2025-09-18 20:00,Inside Bar,117521.14,No,No,No,lateral,⚠️ No clara
2025-09-18 21:00,Dark Cloud Cover,117299.21,No,No,No,lateral,⚠️ No clara
2025-09-18 23:00,Hammer,117073.53,No,Sí,No,bajista,⚠️ No clara
2025-09-19 00:00,Morning Star,117424.20,No,No,No,lateral,⚠️ No clara
2025-09-19 01:00,Dark Cloud Cover,117241.32,No,No,No,alcista,⚠️ No clara
2025-09-19 03:00,Three Black Crows,116977.58,No,No,No,bajista,⚠️ No clara
2025-09-19 03:00,Outside Bar,116977.58,No,No,No,bajista,⚠️ No clara
2025-09-19 04:00,Hammer,116990.65,No,No,No,bajista,⚠️ No clara
2025-09-19 05:00,Dark Cloud Cover,116894.83,No,No,No,lateral,⚠️ No clara
2025-09-19 05:00,Inside Bar,116894.83,No,No,No,lateral,⚠️ No clara
2025-09-19 07:00,Piercing Line,116909.97,No,Sí,No,bajista,⚠️ No clara
2025-09-19 08:00,Hammer,116915.88,No,No,No,lateral,⚠️ No clara
2025-09-19 09:00,Dark Cloud Cover,116488.00,No,Sí,No,alcista,⚠️ No clara
2025-09-19 09:00,Evening Star,116488.00,No,Sí,No,alcista,⚠️ No clara
2025-09-19 11:00,Dark Cloud Cover,116394.72,No,Sí,No,lateral,⚠️ No clara
2025-09-19 11:00,Outside Bar,116394.72,No,Sí,No,lateral,⚠️ No clara
2025-09-19 13:00,Piercing Line,116284.64,No,Sí,No,bajista,⚠️ No clara
2025-09-19 14:00,Dark Cloud Cover,115899.99,Sí,Sí,No,lateral,⚠️ No clara
2025-09-19 14:00,Outside Bar,115899.99,Sí,Sí,No,lateral,⚠️ No clara
2025-09-19 15:00,Hammer,115884.03,Sí,Sí,No,lateral,⚠️ No clara
2025-09-19 16:00,Piercing Line,116088.68,No,No,No,bajista,⚠️ No clara
2025-09-19 17:00,Dark Cloud Cover,115542.73,No,Sí,No,lateral,⚠️ No clara
2025-09-19 19:00,Three Black Crows,115125.12,No,Sí,No,bajista,⚠️ No clara
2025-09-19 20:00,Piercing Line,115342.57,No,Sí,No,bajista,⚠️ No clara
2025-09-19 22:00,Three White Soldiers,115613.21,No,No,No,alcista,⚠️ No clara
2025-09-19 23:00,Hammer,115632.38,No,No,No,alcista,⚠️ No clara
2025-09-19 23:00,Three White Soldiers,115632.38,No,No,No,alcista,⚠️ No clara
2025-09-20 00:00,Three White Soldiers,115723.73,No,No,No,alcista,⚠️ No clara
2025-09-20 01:00,Dark Cloud Cover,115623.51,No,No,No,alcista,⚠️ No clara
2025-09-20 01:00,Inside Bar,115623.51,No,No,No,alcista,⚠️ No clara
2025-09-20 02:00,Hammer,115606.39,No,No,No,lateral,⚠️ No clara
2025-09-20 03:00,Three Black Crows,115445.00,No,No,No,bajista,⚠️ No clara
2025-09-20 04:00,Piercing Line,115568.41,No,No,No,bajista,⚠️ No clara
2025-09-20 04:00,Inside Bar,115568.41,No,No,No,bajista,⚠️ No clara
2025-09-20 06:00,Hammer,115700.46,No,No,Sí,alcista,⚠️ No clara
2025-09-20 07:00,Piercing Line,115968.56,No,No,Sí,lateral,⚠️ No clara
2025-09-20 08:00,Dark Cloud Cover,115701.43,No,No,Sí,lateral,⚠️ No clara
2025-09-20 08:00,Inside Bar,115701.43,No,No,Sí,lateral,⚠️ No clara
2025-09-20 09:00,Shooting Star,115672.80,No,No,No,lateral,⚠️ No clara
2025-09-20 10:00,Piercing Line,115747.54,No,No,No,bajista,⚠️ No clara
2025-09-20 12:00,Hammer,115874.49,No,No,No,alcista,⚠️ No clara
2025-09-20 13:00,Piercing Line,115915.80,No,No,No,lateral,⚠️ No clara
2025-09-20 15:00,Shooting Star,115986.69,No,No,Sí,alcista,⚠️ No clara
2025-09-20 15:00,Three White Soldiers,115986.69,No,No,Sí,alcista,⚠️ No clara
2025-09-20 16:00,Hammer,116027.94,No,No,No,alcista,⚠️ No clara
2025-09-20 16:00,Three White Soldiers,116027.94,No,No,No,alcista,⚠️ No clara
2025-09-20 17:00,Bearish Engulfing,115821.72,No,No,Sí,alcista,⚠️ No clara
2025-09-20 17:00,Evening Star,115821.72,No,No,Sí,alcista,⚠️ No clara
2025-09-20 17:00,Outside Bar,115821.72,No,No,Sí,alcista,⚠️ No clara
2025-09-20 19:00,Shooting Star,115702.00,No,No,No,bajista,⚠️ No clara
2025-09-20 19:00,Three Black Crows,115702.00,No,No,No,bajista,⚠️ No clara
2025-09-20 20:00,Shooting Star,115721.10,No,Sí,No,bajista,⚠️ No clara
2025-09-20 20:00,Piercing Line,115721.10,No,Sí,No,bajista,⚠️ No clara
2025-09-20 21:00,Shooting Star,115786.31,No,Sí,No,lateral,⚠️ No clara
2025-09-20 21:00,Morning Star,115786.31,No,Sí,No,lateral,⚠️ No clara
2025-09-20 22:00,Hammer,115776.06,No,No,No,alcista,⚠️ No clara
2025-09-20 22:00,Inside Bar,115776.06,No,No,No,alcista,⚠️ No clara
2025-09-20 23:00,Evening Star,115685.63,No,Sí,No,lateral,⚠️ No clara
2025-09-21 00:00,Hammer,115660.01,No,Sí,No,bajista,⚠️ No clara
2025-09-21 00:00,Three Black Crows,115660.01,No,Sí,No,bajista,⚠️ No clara
2025-09-21 01:00,Three Black Crows,115500.00,No,Sí,No,bajista,⚠️ No clara
2025-09-21 02:00,Piercing Line,115690.76,No,Sí,No,bajista,⚠️ No clara
2025-09-21 02:00,Outside Bar,115690.76,No,Sí,No,bajista,⚠️ No clara
2025-09-21 03:00,Hammer,115669.41,No,No,No,lateral,⚠️ No clara
2025-09-21 04:00,Evening Star,115494.23,No,No,No,lateral,⚠️ No clara
2025-09-21 05:00,Piercing Line,115663.48,No,No,No,bajista,⚠️ No clara
2025-09-21 06:00,Shooting Star,115687.20,No,No,No,lateral,⚠️ No clara
2025-09-21 07:00,Three White Soldiers,115815.97,No,No,Sí,alcista,⚠️ No clara
2025-09-21 07:00,Outside Bar,115815.97,No,No,Sí,alcista,⚠️ No clara
2025-09-21 08:00,Bearish Engulfing,115629.60,No,No,Sí,alcista,⚠️ No clara
2025-09-21 08:00,Outside Bar,115629.60,No,No,Sí,alcista,⚠️ No clara
2025-09-21 09:00,Hammer,115683.54,No,Sí,No,lateral,⚠️ No clara
2025-09-21 10:00,Dark Cloud Cover,115522.31,No,No,No,lateral,⚠️ No clara
2025-09-21 11:00,Piercing Line,115603.45,No,No,No,lateral,⚠️ No clara
2025-09-21 11:00,Inside Bar,115603.45,No,No,No,lateral,⚠️ No clara
2025-09-21 13:00,Shooting Star,115661.65,No,No,No,alcista,⚠️ No clara
2025-09-21 13:00,Inside Bar,115661.65,No,No,No,alcista,⚠️ No clara
2025-09-21 14:00,Evening Star,115500.01,No,No,No,lateral,⚠️ No clara
2025-09-21 15:00,Shooting Star,115531.61,No,No,No,bajista,⚠️ No clara
2025-09-21 16:00,Bearish Engulfing,115316.00,No,Sí,No,lateral,⚠️ No clara
2025-09-21 17:00,Piercing Line,115628.18,No,Sí,No,lateral,⚠️ No clara
2025-09-21 19:00,Hammer,115480.05,No,No,No,lateral,⚠️ No clara
2025-09-21 20:00,Three Black Crows,115307.51,No,No,No,bajista,⚠️ No clara
2025-09-21 21:00,Piercing Line,115405.48,No,No,No,bajista,⚠️ No clara
2025-09-21 22:00,Outside Bar,115538.90,No,Sí,No,lateral,⚠️ No clara
2025-09-21 23:00,Bearish Engulfing,115232.29,No,Sí,No,alcista,⚠️ No clara
2025-09-21 23:00,Inside Bar,115232.29,No,Sí,No,alcista,⚠️ No clara
2025-09-22 01:00,Shooting Star,114273.45,No,Sí,No,bajista,⚠️ No clara
2025-09-22 01:00,Three Black Crows,114273.45,No,Sí,No,bajista,⚠️ No clara
2025-09-22 02:00,Shooting Star,114187.81,Sí,Sí,No,bajista,⚠️ No clara
2025-09-22 02:00,Three Black Crows,114187.81,Sí,Sí,No,bajista,⚠️ No clara
2025-09-22 03:00,Bullish Engulfing,114649.89,No,Sí,No,bajista,⚠️ No clara
2025-09-22 03:00,Morning Star,114649.89,No,Sí,No,bajista,⚠️ No clara
2025-09-22 04:00,Inside Bar,114433.53,No,No,No,lateral,⚠️ No clara
2025-09-22 06:00,Three Black Crows,112800.77,Sí,Sí,No,bajista,⚠️ No clara
2025-09-22 07:00,Three Black Crows,112519.99,Sí,No,No,bajista,⚠️ No clara
2025-09-22 07:00,Inside Bar,112519.99,Sí,No,No,bajista,⚠️ No clara
2025-09-22 09:00,Dark Cloud Cover,112336.62,Sí,No,No,lateral,⚠️ No clara
2025-09-22 10:00,Piercing Line,112792.16,No,No,No,lateral,⚠️ No clara
2025-09-22 12:00,Dark Cloud Cover,112738.65,No,No,No,alcista,⚠️ No clara
2025-09-22 13:00,Bullish Engulfing,113130.63,Sí,No,No,lateral,⚠️ No clara
2025-09-22 13:00,Outside Bar,113130.63,Sí,No,No,lateral,⚠️ No clara
2025-09-22 14:00,Dark Cloud Cover,112933.16,Sí,No,No,lateral,⚠️ No clara
2025-09-22 15:00,Hammer,112815.50,No,No,No,lateral,⚠️ No clara
2025-09-22 16:00,Three Black Crows,112600.68,No,No,No,bajista,⚠️ No clara
2025-09-22 16:00,Inside Bar,112600.68,No,No,No,bajista,⚠️ No clara
2025-09-22 17:00,Three Black Crows,112398.66,No,No,No,bajista,⚠️ No clara
2025-09-22 18:00,Shooting Star,112429.13,No,No,No,bajista,⚠️ No clara
2025-09-22 19:00,Dark Cloud Cover,112122.90,Sí,Sí,No,lateral,⚠️ No clara
2025-09-22 20:00,Piercing Line,112781.88,No,Sí,No,lateral,⚠️ No clara
2025-09-22 21:00,Inside Bar,112969.99,No,No,No,lateral,⚠️ No clara
2025-09-22 22:00,Dark Cloud Cover,112643.25,No,No,No,alcista,⚠️ No clara
2025-09-22 23:00,Hammer,112650.99,No,No,No,lateral,⚠️ No clara
2025-09-23 00:00,Dark Cloud Cover,112395.32,No,No,No,lateral,⚠️ No clara
2025-09-23 00:00,Outside Bar,112395.32,No,No,No,lateral,⚠️ No clara
2025-09-23 02:00,Three Black Crows,111811.88,No,Sí,No,bajista,⚠️ No clara
2025-09-23 03:00,Piercing Line,112339.99,Sí,Sí,No,bajista,✅ Compra
2025-09-23 04:00,Hammer,112442.30,No,No,No,lateral,⚠️ No clara
2025-09-23 05:00,Three White Soldiers,112665.44,No,No,Sí,alcista,⚠️ No clara
2025-09-23 06:00,Three White Soldiers,112974.96,No,No,Sí,alcista,⚠️ No clara
2025-09-23 07:00,Three White Soldiers,113090.13,No,No,Sí,alcista,⚠️ No clara
2025-09-23 08:00,Hammer,113133.84,No,No,Sí,alcista,⚠️ No clara
2025-09-23 08:00,Three White Soldiers,113133.84,No,No,Sí,alcista,⚠️ No clara
2025-09-23 09:00,Dark Cloud Cover,112934.47,No,No,Sí,alcista,⚠️ No clara
2025-09-23 09:00,Evening Star,112934.47,No,No,Sí,alcista,⚠️ No clara
2025-09-23 09:00,Outside Bar,112934.47,No,No,Sí,alcista,⚠️ No clara
2025-09-23 10:00,Hammer,112969.32,No,No,No,lateral,⚠️ No clara
2025-09-23 11:00,Hammer,112975.99,No,No,No,lateral,⚠️ No clara
2025-09-23 11:00,Outside Bar,112975.99,No,No,No,lateral,⚠️ No clara
2025-09-23 12:00,Hammer,112941.02,No,No,No,alcista,⚠️ No clara
2025-09-23 12:00,Dark Cloud Cover,112941.02,No,No,No,alcista,⚠️ No clara
2025-09-23 12:00,Evening Star,112941.02,No,No,No,alcista,⚠️ No clara
2025-09-23 12:00,Inside Bar,112941.02,No,No,No,alcista,⚠️ No clara
2025-09-23 13:00,Hammer,112952.31,No,No,No,lateral,⚠️ No clara
2025-09-23 14:00,Bearish Engulfing,112652.91,No,No,Sí,lateral,⚠️ No clara
2025-09-23 14:00,Outside Bar,112652.91,No,No,Sí,lateral,⚠️ No clara
2025-09-23 15:00,Piercing Line,112882.19,No,Sí,No,lateral,⚠️ No clara
2025-09-23 16:00,Hammer,112823.63,No,Sí,No,lateral,⚠️ No clara
2025-09-23 17:00,Evening Star,111957.76,No,Sí,No,lateral,⚠️ No clara
2025-09-23 18:00,Three Black Crows,111780.10,No,Sí,No,bajista,⚠️ No clara
2025-09-23 19:00,Three Black Crows,111655.29,No,Sí,No,bajista,⚠️ No clara
2025-09-23 20:00,Piercing Line,111985.77,No,Sí,No,bajista,⚠️ No clara
2025-09-23 20:00,Outside Bar,111985.77,No,Sí,No,bajista,⚠️ No clara
2025-09-23 22:00,Hammer,112159.23,No,No,No,alcista,⚠️ No clara
2025-09-23 23:00,Evening Star,111998.80,No,No,No,lateral,⚠️ No clara
2025-09-23 23:00,Outside Bar,111998.80,No,No,No,lateral,⚠️ No clara
2025-09-24 00:00,Piercing Line,112230.72,No,No,No,bajista,⚠️ No clara
2025-09-24 00:00,Outside Bar,112230.72,No,No,No,bajista,⚠️ No clara
2025-09-24 02:00,Dark Cloud Cover,112111.62,Sí,No,No,alcista,⚠️ No clara
2025-09-24 04:00,Piercing Line,112161.93,Sí,Sí,Sí,bajista,✅ Compra
2025-09-24 04:00,Outside Bar,112161.93,Sí,Sí,Sí,bajista,⚠️ No clara
2025-09-24 06:00,Shooting Star,112596.69,No,No,Sí,alcista,⚠️ No clara
2025-09-24 07:00,Hammer,112583.54,No,No,Sí,lateral,⚠️ No clara
2025-09-24 08:00,Hammer,112622.80,No,No,No,bajista,⚠️ No clara
2025-09-24 08:00,Piercing Line,112622.80,No,No,No,bajista,⚠️ No clara
2025-09-24 08:00,Morning Star,112622.80,No,No,No,bajista,⚠️ No clara
2025-09-24 09:00,Morning Star,112735.06,No,No,Sí,lateral,⚠️ No clara
2025-09-24 10:00,Three White Soldiers,112941.98,No,No,Sí,alcista,⚠️ No clara
2025-09-24 11:00,Three White Soldiers,113029.46,No,No,Sí,alcista,⚠️ No clara
2025-09-24 12:00,Hammer,113070.69,No,No,No,alcista,⚠️ No clara
2025-09-24 12:00,Three White Soldiers,113070.69,No,No,No,alcista,⚠️ No clara
2025-09-24 12:00,Inside Bar,113070.69,No,No,No,alcista,⚠️ No clara
2025-09-24 13:00,Dark Cloud Cover,112823.62,No,No,Sí,alcista,⚠️ No clara
2025-09-24 13:00,Evening Star,112823.62,No,No,Sí,alcista,⚠️ No clara
2025-09-24 13:00,Outside Bar,112823.62,No,No,Sí,alcista,⚠️ No clara
2025-09-24 14:00,Piercing Line,113720.64,Sí,No,Sí,lateral,⚠️ No clara
2025-09-24 15:00,Inside Bar,113346.41,No,No,Sí,lateral,⚠️ No clara
2025-09-24 16:00,Bullish Engulfing,113732.01,No,No,No,lateral,⚠️ No clara
2025-09-24 17:00,Hammer,113761.30,No,No,Sí,lateral,⚠️ No clara
2025-09-24 18:00,Bearish Engulfing,113639.80,No,No,No,alcista,⚠️ No clara
2025-09-24 20:00,Inside Bar,113501.52,No,No,No,bajista,⚠️ No clara
2025-09-24 21:00,Dark Cloud Cover,113339.63,No,No,No,lateral,⚠️ No clara
2025-09-24 22:00,Hammer,113336.33,No,No,No,lateral,⚠️ No clara
2025-09-24 22:00,Outside Bar,113336.33,No,No,No,lateral,⚠️ No clara
2025-09-24 23:00,Hammer,113307.00,No,No,No,bajista,⚠️ No clara
2025-09-24 23:00,Three Black Crows,113307.00,No,No,No,bajista,⚠️ No clara
2025-09-25 00:00,Three Black Crows,113062.35,No,Sí,No,bajista,⚠️ No clara
2025-09-25 00:00,Outside Bar,113062.35,No,Sí,No,bajista,⚠️ No clara
2025-09-25 01:00,Three Black Crows,112661.24,Sí,Sí,No,bajista,⚠️ No clara
2025-09-25 02:00,Piercing Line,112907.38,No,Sí,No,bajista,⚠️ No clara
2025-09-25 02:00,Inside Bar,112907.38,No,Sí,No,bajista,⚠️ No clara
2025-09-25 03:00,Dark Cloud Cover,112546.21,No,Sí,No,lateral,⚠️ No clara
2025-09-25 05:00,Hammer,111749.91,No,Sí,No,bajista,⚠️ No clara
2025-09-25 05:00,Inside Bar,111749.91,No,Sí,No,bajista,⚠️ No clara
2025-09-25 06:00,Dark Cloud Cover,111533.26,No,Sí,No,lateral,⚠️ No clara
2025-09-25 07:00,Piercing Line,111766.72,No,Sí,No,lateral,⚠️ No clara
2025-09-25 07:00,Outside Bar,111766.72,No,Sí,No,lateral,⚠️ No clara
2025-09-25 08:00,Shooting Star,111727.21,No,No,No,lateral,⚠️ No clara
2025-09-25 09:00,Shooting Star,111571.58,No,Sí,No,lateral,⚠️ No clara
2025-09-25 09:00,Evening Star,111571.58,No,Sí,No,lateral,⚠️ No clara
2025-09-25 09:00,Outside Bar,111571.58,No,Sí,No,lateral,⚠️ No clara
2025-09-25 10:00,Shooting Star,111648.19,No,No,No,bajista,⚠️ No clara
2025-09-25 11:00,Dark Cloud Cover,111348.00,No,Sí,No,lateral,⚠️ No clara
2025-09-25 13:00,Hammer,111000.00,Sí,Sí,No,bajista,✅ Compra
2025-09-25 13:00,Three Black Crows,111000.00,Sí,Sí,No,bajista,⚠️ No clara
2025-09-25 13:00,Outside Bar,111000.00,Sí,Sí,No,bajista,⚠️ No clara
2025-09-25 14:00,Piercing Line,111540.00,Sí,No,No,bajista,⚠️ No clara
2025-09-25 14:00,Morning Star,111540.00,Sí,No,No,bajista,⚠️ No clara
2025-09-25 15:00,Hammer,111580.77,No,No,No,lateral,⚠️ No clara
2025-09-25 16:00,Dark Cloud Cover,110957.29,No,No,No,alcista,⚠️ No clara
2025-09-25 16:00,Evening Star,110957.29,No,No,No,alcista,⚠️ No clara
2025-09-25 21:00,Piercing Line,109420.00,No,No,No,bajista,⚠️ No clara
2025-09-25 22:00,Hammer,109419.97,No,No,No,lateral,⚠️ No clara
2025-09-25 22:00,Inside Bar,109419.97,No,No,No,lateral,⚠️ No clara
2025-09-25 23:00,Evening Star,108994.49,Sí,Sí,No,lateral,⚠️ No clara
2025-09-25 23:00,Outside Bar,108994.49,Sí,Sí,No,lateral,⚠️ No clara
2025-09-26 00:00,Piercing Line,109472.13,Sí,No,No,bajista,⚠️ No clara
2025-09-26 00:00,Inside Bar,109472.13,Sí,No,No,bajista,⚠️ No clara
2025-09-26 02:00,Hammer,109621.70,No,No,No,alcista,⚠️ No clara
2025-09-26 03:00,Hammer,109580.01,No,No,No,lateral,⚠️ No clara
2025-09-26 04:00,Three Black Crows,109338.01,No,No,No,bajista,⚠️ No clara
2025-09-26 05:00,Shooting Star,109252.79,No,No,No,bajista,⚠️ No clara
2025-09-26 05:00,Three Black Crows,109252.79,No,No,No,bajista,⚠️ No clara
2025-09-26 06:00,Hammer,109360.00,No,No,No,bajista,⚠️ No clara
2025-09-26 06:00,Piercing Line,109360.00,No,No,No,bajista,⚠️ No clara
2025-09-26 06:00,Outside Bar,109360.00,No,No,No,bajista,⚠️ No clara
2025-09-26 07:00,Hammer,109320.02,Sí,No,No,lateral,⚠️ No clara
2025-09-26 08:00,Piercing Line,109567.20,No,No,No,lateral,⚠️ No clara
2025-09-26 09:00,Hammer,109568.72,No,No,No,lateral,⚠️ No clara
2025-09-26 10:00,Dark Cloud Cover,108895.00,No,Sí,No,alcista,⚠️ No clara
2025-09-26 10:00,Evening Star,108895.00,No,Sí,No,alcista,⚠️ No clara
2025-09-26 13:00,Three White Soldiers,109669.73,Sí,No,Sí,alcista,⚠️ No clara
2025-09-26 14:00,Dark Cloud Cover,108836.00,Sí,Sí,Sí,alcista,🔻 Venta
2025-09-26 15:00,Inside Bar,109027.78,No,No,No,lateral,⚠️ No clara
2025-09-26 17:00,Three White Soldiers,109899.99,No,No,Sí,alcista,⚠️ No clara
2025-09-26 18:00,Shooting Star,109727.99,No,No,Sí,alcista,⚠️ No clara
2025-09-26 20:00,Inside Bar,109288.44,No,No,No,bajista,⚠️ No clara
2025-09-26 22:00,Three White Soldiers,109558.25,No,No,No,alcista,⚠️ No clara
2025-09-26 23:00,Three White Soldiers,109643.46,No,No,No,alcista,⚠️ No clara
2025-09-27 00:00,Hammer,109649.29,No,No,No,alcista,⚠️ No clara
2025-09-27 00:00,Three White Soldiers,109649.29,No,No,No,alcista,⚠️ No clara
2025-09-27 00:00,Inside Bar,109649.29,No,No,No,alcista,⚠️ No clara
2025-09-27 01:00,Dark Cloud Cover,109431.92,No,No,No,alcista,⚠️ No clara
2025-09-27 01:00,Evening Star,109431.92,No,No,No,alcista,⚠️ No clara
2025-09-27 02:00,Hammer,109408.18,No,No,No,lateral,⚠️ No clara
2025-09-27 03:00,Piercing Line,109553.77,No,No,No,bajista,⚠️ No clara
2025-09-27 03:00,Morning Star,109553.77,No,No,No,bajista,⚠️ No clara
2025-09-27 04:00,Inside Bar,109654.99,No,No,Sí,lateral,⚠️ No clara
2025-09-27 05:00,Hammer,109635.72,No,No,No,alcista,⚠️ No clara
2025-09-27 05:00,Inside Bar,109635.72,No,No,No,alcista,⚠️ No clara
2025-09-27 06:00,Evening Star,109541.36,No,No,No,lateral,⚠️ No clara
2025-09-27 07:00,Three Black Crows,109411.20,No,Sí,No,bajista,⚠️ No clara
2025-09-27 08:00,Three Black Crows,109252.01,No,Sí,No,bajista,⚠️ No clara
2025-09-27 09:00,Hammer,109292.73,No,Sí,No,bajista,⚠️ No clara
2025-09-27 10:00,Morning Star,109431.70,No,No,No,lateral,⚠️ No clara
2025-09-27 11:00,Dark Cloud Cover,109310.21,No,No,No,alcista,⚠️ No clara
2025-09-27 11:00,Inside Bar,109310.21,No,No,No,alcista,⚠️ No clara
2025-09-27 12:00,Piercing Line,109400.05,No,No,No,lateral,⚠️ No clara
2025-09-27 12:00,Outside Bar,109400.05,No,No,No,lateral,⚠️ No clara
2025-09-27 13:00,Bearish Engulfing,109306.61,No,No,No,lateral,⚠️ No clara
2025-09-27 13:00,Inside Bar,109306.61,No,No,No,lateral,⚠️ No clara
2025-09-27 14:00,Shooting Star,109287.89,No,No,No,lateral,⚠️ No clara
2025-09-27 15:00,Piercing Line,109402.24,No,No,No,bajista,⚠️ No clara
2025-09-27 15:00,Morning Star,109402.24,No,No,No,bajista,⚠️ No clara
2025-09-27 15:00,Outside Bar,109402.24,No,No,No,bajista,⚠️ No clara
2025-09-27 16:00,Hammer,109389.04,No,No,No,lateral,⚠️ No clara
2025-09-27 17:00,Hammer,109382.47,No,No,No,lateral,⚠️ No clara
2025-09-27 18:00,Piercing Line,109434.96,No,No,No,bajista,⚠️ No clara
2025-09-27 18:00,Morning Star,109434.96,No,No,No,bajista,⚠️ No clara
2025-09-27 19:00,Hammer,109424.20,No,No,No,lateral,⚠️ No clara
2025-09-27 20:00,Evening Star,109390.00,No,No,No,lateral,⚠️ No clara
2025-09-27 21:00,Piercing Line,109474.99,No,No,Sí,bajista,⚠️ No clara
2025-09-27 23:00,Hammer,109635.85,No,No,Sí,alcista,⚠️ No clara
2025-09-27 23:00,Three White Soldiers,109635.85,No,No,Sí,alcista,⚠️ No clara
2025-09-28 00:00,Hammer,109607.81,No,No,Sí,alcista,⚠️ No clara
2025-09-28 00:00,Dark Cloud Cover,109607.81,No,No,Sí,alcista,⚠️ No clara
2025-09-28 01:00,Evening Star,109353.67,No,No,No,lateral,⚠️ No clara
2025-09-28 02:00,Inside Bar,109447.55,No,No,No,bajista,⚠️ No clara
2025-09-28 03:00,Hammer,109436.00,No,No,No,lateral,⚠️ No clara
2025-09-28 04:00,Evening Star,109365.90,No,No,No,lateral,⚠️ No clara
2025-09-28 05:00,Shooting Star,109356.43,No,No,No,bajista,⚠️ No clara
2025-09-28 05:00,Three Black Crows,109356.43,No,No,No,bajista,⚠️ No clara
2025-09-28 06:00,Piercing Line,109410.00,No,Sí,No,bajista,⚠️ No clara
2025-09-28 06:00,Morning Star,109410.00,No,Sí,No,bajista,⚠️ No clara
2025-09-28 06:00,Outside Bar,109410.00,No,Sí,No,bajista,⚠️ No clara
2025-09-28 08:00,Hammer,109509.91,No,No,No,alcista,⚠️ No clara
2025-09-28 09:00,Hammer,109519.42,No,No,No,lateral,⚠️ No clara
2025-09-28 09:00,Piercing Line,109519.42,No,No,No,lateral,⚠️ No clara
2025-09-28 10:00,Bearish Engulfing,109368.44,No,No,No,lateral,⚠️ No clara
2025-09-28 10:00,Inside Bar,109368.44,No,No,No,lateral,⚠️ No clara
2025-09-28 11:00,Hammer,109369.02,No,Sí,No,lateral,⚠️ No clara
2025-09-28 12:00,Hammer,109314.99,No,Sí,No,lateral,⚠️ No clara
2025-09-28 12:00,Dark Cloud Cover,109314.99,No,Sí,No,lateral,⚠️ No clara
2025-09-28 12:00,Outside Bar,109314.99,No,Sí,No,lateral,⚠️ No clara
2025-09-28 13:00,Piercing Line,109639.00,No,No,Sí,lateral,⚠️ No clara
2025-09-28 15:00,Three White Soldiers,110037.93,No,No,Sí,alcista,⚠️ No clara
2025-09-28 16:00,Three White Soldiers,110222.02,No,No,Sí,alcista,⚠️ No clara
2025-09-28 17:00,Hammer,110203.52,No,No,Sí,alcista,⚠️ No clara
2025-09-28 17:00,Inside Bar,110203.52,No,No,Sí,alcista,⚠️ No clara
2025-09-28 18:00,Piercing Line,110293.56,No,No,No,lateral,⚠️ No clara
2025-09-28 19:00,Hammer,110337.60,No,No,Sí,lateral,⚠️ No clara
2025-09-28 20:00,Three White Soldiers,110803.80,No,No,Sí,alcista,⚠️ No clara
2025-09-28 21:00,Hammer,110833.99,No,No,Sí,alcista,⚠️ No clara
2025-09-28 21:00,Three White Soldiers,110833.99,No,No,Sí,alcista,⚠️ No clara
2025-09-28 21:00,Inside Bar,110833.99,No,No,Sí,alcista,⚠️ No clara
2025-09-28 22:00,Three White Soldiers,111938.51,Sí,No,Sí,alcista,⚠️ No clara
2025-09-28 23:00,Three White Soldiers,112163.95,Sí,No,Sí,alcista,⚠️ No clara
2025-09-29 00:00,Three White Soldiers,112260.57,No,No,Sí,alcista,⚠️ No clara
2025-09-29 00:00,Inside Bar,112260.57,No,No,Sí,alcista,⚠️ No clara
2025-09-29 01:00,Dark Cloud Cover,111855.30,No,No,Sí,alcista,⚠️ No clara
2025-09-29 01:00,Evening Star,111855.30,No,No,Sí,alcista,⚠️ No clara
2025-09-29 01:00,Outside Bar,111855.30,No,No,Sí,alcista,⚠️ No clara
2025-09-29 03:00,Piercing Line,111857.51,No,No,No,bajista,⚠️ No clara
2025-09-29 05:00,Hammer,111753.34,No,No,No,lateral,⚠️ No clara
2025-09-29 05:00,Evening Star,111753.34,No,No,No,lateral,⚠️ No clara
2025-09-29 06:00,Three Black Crows,111632.83,No,No,No,bajista,⚠️ No clara
2025-09-29 07:00,Piercing Line,111865.95,Sí,No,No,bajista,⚠️ No clara
2025-09-29 07:00,Outside Bar,111865.95,Sí,No,No,bajista,⚠️ No clara
2025-09-29 09:00,Hammer,112110.90,No,No,No,alcista,⚠️ No clara
2025-09-29 09:00,Three White Soldiers,112110.90,No,No,No,alcista,⚠️ No clara
2025-09-29 09:00,Inside Bar,112110.90,No,No,No,alcista,⚠️ No clara
2025-09-29 10:00,Hammer,112090.18,No,No,No,alcista,⚠️ No clara
2025-09-29 10:00,Dark Cloud Cover,112090.18,No,No,No,alcista,⚠️ No clara
2025-09-29 11:00,Hammer,112100.00,No,No,No,lateral,⚠️ No clara
2025-09-29 12:00,Shooting Star,112022.16,No,No,Sí,lateral,⚠️ No clara
2025-09-29 12:00,Dark Cloud Cover,112022.16,No,No,Sí,lateral,⚠️ No clara
2025-09-29 13:00,Bullish Engulfing,113227.29,Sí,No,Sí,lateral,⚠️ No clara
2025-09-29 13:00,Outside Bar,113227.29,Sí,No,Sí,lateral,⚠️ No clara
2025-09-29 15:00,Inside Bar,113815.57,Sí,No,No,alcista,⚠️ No clara
2025-09-29 17:00,Piercing Line,114043.91,Sí,No,Sí,bajista,⚠️ No clara
2025-09-29 17:00,Outside Bar,114043.91,Sí,No,Sí,bajista,⚠️ No clara
2025-09-29 18:00,Hammer,114008.79,No,No,No,lateral,⚠️ No clara
2025-09-29 18:00,Inside Bar,114008.79,No,No,No,lateral,⚠️ No clara
2025-09-29 19:00,Bullish Engulfing,114265.55,No,No,Sí,lateral,⚠️ No clara
2025-09-29 19:00,Outside Bar,114265.55,No,No,Sí,lateral,⚠️ No clara
2025-09-29 20:00,Hammer,114258.29,No,No,Sí,lateral,⚠️ No clara
2025-09-29 22:00,Hammer,114189.81,No,No,No,bajista,⚠️ No clara
2025-09-29 23:00,Morning Star,114311.96,No,No,Sí,lateral,⚠️ No clara
2025-09-30 00:00,Three White Soldiers,114525.97,Sí,No,Sí,alcista,⚠️ No clara
2025-09-30 00:00,Outside Bar,114525.97,Sí,No,Sí,alcista,⚠️ No clara
2025-09-30 01:00,Hammer,114500.31,No,No,Sí,alcista,⚠️ No clara
2025-09-30 02:00,Hammer,114455.96,No,No,No,lateral,⚠️ No clara
2025-09-30 02:00,Inside Bar,114455.96,No,No,No,lateral,⚠️ No clara
2025-09-30 03:00,Three Black Crows,114376.39,No,No,No,bajista,⚠️ No clara
2025-09-30 04:00,Three Black Crows,114091.63,No,No,No,bajista,⚠️ No clara
2025-09-30 05:00,Three Black Crows,113904.00,No,Sí,No,bajista,⚠️ No clara
2025-09-30 06:00,Hammer,113891.64,No,Sí,No,bajista,⚠️ No clara
2025-09-30 06:00,Three Black Crows,113891.64,No,Sí,No,bajista,⚠️ No clara
2025-09-30 06:00,Inside Bar,113891.64,No,Sí,No,bajista,⚠️ No clara
2025-09-30 07:00,Three Black Crows,113699.23,No,Sí,No,bajista,⚠️ No clara
2025-09-30 08:00,Three Black Crows,113451.89,No,Sí,No,bajista,⚠️ No clara
2025-09-30 09:00,Three Black Crows,112781.97,Sí,Sí,No,bajista,⚠️ No clara
2025-09-30 12:00,Shooting Star,113002.06,No,No,No,alcista,⚠️ No clara
2025-09-30 13:00,Piercing Line,113404.53,Sí,No,No,lateral,⚠️ No clara
2025-09-30 13:00,Outside Bar,113404.53,Sí,No,No,lateral,⚠️ No clara
2025-09-30 14:00,Hammer,113595.05,Sí,No,No,lateral,⚠️ No clara
2025-09-30 14:00,Inside Bar,113595.05,Sí,No,No,lateral,⚠️ No clara
2025-09-30 15:00,Dark Cloud Cover,113106.16,No,No,No,alcista,⚠️ No clara
2025-09-30 15:00,Inside Bar,113106.16,No,No,No,alcista,⚠️ No clara
2025-09-30 17:00,Bullish Engulfing,113246.11,No,No,No,bajista,⚠️ No clara
2025-09-30 19:00,Three White Soldiers,114359.99,Sí,No,Sí,alcista,⚠️ No clara
2025-09-30 20:00,Three White Soldiers,114626.36,No,No,Sí,alcista,⚠️ No clara
2025-09-30 21:00,Dark Cloud Cover,114161.00,No,No,Sí,alcista,⚠️ No clara
2025-10-01 01:00,Three White Soldiers,114549.99,No,No,No,alcista,⚠️ No clara
2025-10-01 02:00,Dark Cloud Cover,114272.15,No,No,No,alcista,⚠️ No clara
2025-10-01 03:00,Shooting Star,114176.92,No,No,No,lateral,⚠️ No clara
2025-10-01 04:00,Shooting Star,114289.01,No,No,Sí,bajista,⚠️ No clara
2025-10-01 04:00,Piercing Line,114289.01,No,No,Sí,bajista,⚠️ No clara
2025-10-01 06:00,Dark Cloud Cover,114256.81,No,No,No,alcista,⚠️ No clara
2025-10-01 07:00,Piercing Line,114539.02,No,No,No,lateral,⚠️ No clara
2025-10-01 07:00,Inside Bar,114539.02,No,No,No,lateral,⚠️ No clara
2025-10-01 08:00,Morning Star,116111.28,Sí,No,Sí,lateral,⚠️ No clara
2025-10-01 09:00,Three White Soldiers,116412.10,Sí,No,Sí,alcista,⚠️ No clara
2025-10-01 09:00,Inside Bar,116412.10,Sí,No,Sí,alcista,⚠️ No clara
2025-10-01 11:00,Piercing Line,116789.58,No,No,Sí,lateral,⚠️ No clara
2025-10-01 12:00,Dark Cloud Cover,116402.65,No,No,Sí,lateral,⚠️ No clara
2025-10-01 13:00,Piercing Line,116806.96,Sí,No,Sí,lateral,⚠️ No clara
2025-10-01 13:00,Inside Bar,116806.96,Sí,No,Sí,lateral,⚠️ No clara
2025-10-01 15:00,Three White Soldiers,117423.73,Sí,No,Sí,alcista,⚠️ No clara
2025-10-01 16:00,Shooting Star,117535.79,Sí,No,Sí,alcista,🔻 Venta
2025-10-01 16:00,Three White Soldiers,117535.79,Sí,No,Sí,alcista,⚠️ No clara
2025-10-01 17:00,Dark Cloud Cover,116768.07,Sí,No,No,alcista,⚠️ No clara
2025-10-01 17:00,Evening Star,116768.07,Sí,No,No,alcista,⚠️ No clara
2025-10-01 18:00,Piercing Line,117234.01,No,No,No,lateral,⚠️ No clara
2025-10-01 18:00,Inside Bar,117234.01,No,No,No,lateral,⚠️ No clara
2025-10-01 20:00,Hammer,117536.12,No,No,No,alcista,⚠️ No clara
2025-10-01 20:00,Three White Soldiers,117536.12,No,No,No,alcista,⚠️ No clara
2025-10-01 21:00,Hammer,117554.96,No,No,No,alcista,⚠️ No clara
2025-10-01 21:00,Three White Soldiers,117554.96,No,No,No,alcista,⚠️ No clara
2025-10-01 22:00,Three White Soldiers,117745.39,No,No,No,alcista,⚠️ No clara
2025-10-01 23:00,Three White Soldiers,118594.99,Sí,No,Sí,alcista,⚠️ No clara
2025-10-02 00:00,Shooting Star,118428.46,Sí,No,Sí,alcista,🔻 Venta
2025-10-02 01:00,Piercing Line,118617.37,No,No,No,lateral,⚠️ No clara
2025-10-02 02:00,Inside Bar,118753.73,No,No,No,lateral,⚠️ No clara
2025-10-02 03:00,Hammer,118733.99,No,No,No,alcista,⚠️ No clara
2025-10-02 04:00,Hammer,118662.04,No,No,No,lateral,⚠️ No clara
2025-10-02 04:00,Evening Star,118662.04,No,No,No,lateral,⚠️ No clara
2025-10-02 05:00,Three Black Crows,118377.34,No,No,No,bajista,⚠️ No clara
2025-10-02 06:00,Piercing Line,118649.06,No,No,No,bajista,⚠️ No clara
2025-10-02 06:00,Inside Bar,118649.06,No,No,No,bajista,⚠️ No clara
2025-10-02 07:00,Dark Cloud Cover,118489.76,No,No,No,lateral,⚠️ No clara
2025-10-02 08:00,Piercing Line,118668.89,No,No,No,lateral,⚠️ No clara
2025-10-02 08:00,Outside Bar,118668.89,No,No,No,lateral,⚠️ No clara
2025-10-02 10:00,Dark Cloud Cover,118619.56,No,No,No,alcista,⚠️ No clara
2025-10-02 11:00,Piercing Line,118765.73,No,No,No,lateral,⚠️ No clara
2025-10-02 13:00,Hammer,119621.20,Sí,No,Sí,alcista,⚠️ No clara
2025-10-02 13:00,Three White Soldiers,119621.20,Sí,No,Sí,alcista,⚠️ No clara
2025-10-02 14:00,Dark Cloud Cover,118814.09,Sí,No,Sí,alcista,🔻 Venta
2025-10-02 14:00,Evening Star,118814.09,Sí,No,Sí,alcista,🔻 Venta
2025-10-02 14:00,Outside Bar,118814.09,Sí,No,Sí,alcista,⚠️ No clara
2025-10-02 15:00,Piercing Line,119910.78,Sí,Sí,Sí,lateral,⚠️ No clara
2025-10-02 15:00,Outside Bar,119910.78,Sí,Sí,Sí,lateral,⚠️ No clara
2025-10-02 16:00,Shooting Star,119731.40,Sí,No,Sí,lateral,⚠️ No clara
2025-10-02 17:00,Piercing Line,119917.52,No,No,No,lateral,⚠️ No clara
2025-10-02 19:00,Three White Soldiers,120836.49,Sí,No,Sí,alcista,⚠️ No clara
2025-10-02 20:00,Dark Cloud Cover,120652.01,Sí,No,Sí,alcista,🔻 Venta
2025-10-03 00:00,Dark Cloud Cover,120132.80,No,No,No,alcista,⚠️ No clara
2025-10-03 02:00,Piercing Line,120157.82,No,No,No,bajista,⚠️ No clara
2025-10-03 02:00,Inside Bar,120157.82,No,No,No,bajista,⚠️ No clara
2025-10-03 03:00,Shooting Star,120225.89,No,No,No,lateral,⚠️ No clara
2025-10-03 04:00,Dark Cloud Cover,120039.98,No,No,No,alcista,⚠️ No clara
2025-10-03 06:00,Hammer,119916.93,No,Sí,No,bajista,⚠️ No clara
2025-10-03 06:00,Three Black Crows,119916.93,No,Sí,No,bajista,⚠️ No clara
2025-10-03 07:00,Three Black Crows,119640.21,Sí,Sí,No,bajista,⚠️ No clara
2025-10-03 08:00,Piercing Line,120038.60,Sí,Sí,No,bajista,✅ Compra
2025-10-03 08:00,Outside Bar,120038.60,Sí,Sí,No,bajista,⚠️ No clara
2025-10-03 10:00,Three White Soldiers,120425.95,No,No,Sí,alcista,⚠️ No clara
2025-10-03 11:00,Hammer,120334.50,No,No,Sí,alcista,⚠️ No clara
2025-10-03 11:00,Dark Cloud Cover,120334.50,No,No,Sí,alcista,⚠️ No clara
2025-10-03 12:00,Hammer,120358.07,No,No,No,lateral,⚠️ No clara
2025-10-03 13:00,Hammer,120374.73,No,No,Sí,lateral,⚠️ No clara
2025-10-03 14:00,Three White Soldiers,120917.85,Sí,No,Sí,alcista,⚠️ No clara
2025-10-03 14:00,Outside Bar,120917.85,Sí,No,Sí,alcista,⚠️ No clara
2025-10-03 15:00,Three White Soldiers,122258.05,Sí,No,Sí,alcista,⚠️ No clara
2025-10-03 16:00,Shooting Star,122553.30,Sí,No,Sí,alcista,🔻 Venta
2025-10-03 16:00,Three White Soldiers,122553.30,Sí,No,Sí,alcista,⚠️ No clara
2025-10-03 17:00,Dark Cloud Cover,122073.25,Sí,No,No,alcista,⚠️ No clara
2025-10-03 18:00,Piercing Line,122538.46,Sí,No,No,lateral,⚠️ No clara
2025-10-03 19:00,Shooting Star,122660.99,No,No,No,lateral,⚠️ No clara
2025-10-03 20:00,Bearish Engulfing,122447.94,No,No,No,alcista,⚠️ No clara
2025-10-03 22:00,Piercing Line,122477.00,No,No,No,bajista,⚠️ No clara
2025-10-03 23:00,Dark Cloud Cover,122232.00,No,No,No,lateral,⚠️ No clara
2025-10-04 01:00,Three Black Crows,121865.21,No,No,No,bajista,⚠️ No clara
2025-10-04 02:00,Hammer,121854.53,No,No,No,bajista,⚠️ No clara
2025-10-04 02:00,Three Black Crows,121854.53,No,No,No,bajista,⚠️ No clara
2025-10-04 03:00,Piercing Line,122243.99,No,No,No,bajista,⚠️ No clara
2025-10-04 03:00,Morning Star,122243.99,No,No,No,bajista,⚠️ No clara
2025-10-04 05:00,Hammer,122522.70,No,No,Sí,alcista,⚠️ No clara
2025-10-04 05:00,Three White Soldiers,122522.70,No,No,Sí,alcista,⚠️ No clara
2025-10-04 06:00,Dark Cloud Cover,122430.27,No,No,No,alcista,⚠️ No clara
2025-10-04 08:00,Shooting Star,122267.57,No,No,No,bajista,⚠️ No clara
2025-10-04 08:00,Three Black Crows,122267.57,No,No,No,bajista,⚠️ No clara
2025-10-04 08:00,Outside Bar,122267.57,No,No,No,bajista,⚠️ No clara
2025-10-04 09:00,Shooting Star,122208.78,No,No,No,bajista,⚠️ No clara
2025-10-04 09:00,Three Black Crows,122208.78,No,No,No,bajista,⚠️ No clara
2025-10-04 10:00,Three Black Crows,122129.53,No,No,No,bajista,⚠️ No clara
2025-10-04 11:00,Three Black Crows,121973.26,No,No,No,bajista,⚠️ No clara
2025-10-04 12:00,Shooting Star,122005.62,No,No,No,bajista,⚠️ No clara
2025-10-04 13:00,Morning Star,122385.42,No,Sí,No,lateral,⚠️ No clara
2025-10-04 14:00,Dark Cloud Cover,122000.01,No,Sí,No,alcista,⚠️ No clara
2025-10-04 16:00,Shooting Star,121719.99,No,Sí,No,bajista,⚠️ No clara
2025-10-04 16:00,Three Black Crows,121719.99,No,Sí,No,bajista,⚠️ No clara
2025-10-04 17:00,Hammer,121747.37,No,No,No,bajista,⚠️ No clara
2025-10-04 17:00,Inside Bar,121747.37,No,No,No,bajista,⚠️ No clara
2025-10-04 18:00,Dark Cloud Cover,121574.66,No,Sí,No,lateral,⚠️ No clara
2025-10-04 19:00,Piercing Line,121959.25,No,Sí,No,lateral,⚠️ No clara
2025-10-04 21:00,Piercing Line,122190.67,No,No,No,lateral,⚠️ No clara
2025-10-04 21:00,Outside Bar,122190.67,No,No,No,lateral,⚠️ No clara
2025-10-04 23:00,Three White Soldiers,122391.00,No,No,No,alcista,⚠️ No clara
2025-10-05 00:00,Dark Cloud Cover,122157.70,No,No,Sí,alcista,⚠️ No clara
2025-10-05 01:00,Piercing Line,122377.72,No,No,Sí,lateral,⚠️ No clara
2025-10-05 02:00,Morning Star,124031.44,Sí,No,Sí,lateral,⚠️ No clara
2025-10-05 03:00,Inside Bar,123776.22,Sí,No,No,alcista,⚠️ No clara
2025-10-05 04:00,Piercing Line,125172.81,Sí,No,Sí,lateral,⚠️ No clara
2025-10-05 05:00,Hammer,125127.99,Sí,No,No,lateral,⚠️ No clara
2025-10-05 05:00,Inside Bar,125127.99,Sí,No,No,lateral,⚠️ No clara
2025-10-05 07:00,Three Black Crows,124713.63,Sí,No,No,bajista,⚠️ No clara
2025-10-05 08:00,Three Black Crows,124595.99,No,No,No,bajista,⚠️ No clara
2025-10-05 09:00,Three Black Crows,123020.50,Sí,No,No,bajista,⚠️ No clara
2025-10-05 10:00,Hammer,123028.01,Sí,No,No,bajista,⚠️ No clara
2025-10-05 12:00,Dark Cloud Cover,123085.88,No,No,No,alcista,⚠️ No clara
2025-10-05 12:00,Inside Bar,123085.88,No,No,No,alcista,⚠️ No clara
2025-10-05 13:00,Shooting Star,123161.39,No,No,No,lateral,⚠️ No clara
2025-10-05 13:00,Inside Bar,123161.39,No,No,No,lateral,⚠️ No clara
2025-10-05 14:00,Hammer,123034.67,No,No,No,lateral,⚠️ No clara
2025-10-05 14:00,Bearish Engulfing,123034.67,No,No,No,lateral,⚠️ No clara
2025-10-05 16:00,Piercing Line,123265.54,Sí,Sí,No,bajista,✅ Compra
2025-10-05 16:00,Outside Bar,123265.54,Sí,Sí,No,bajista,⚠️ No clara
2025-10-05 18:00,Hammer,122999.44,No,No,No,lateral,⚠️ No clara
2025-10-05 19:00,Three Black Crows,122591.79,No,No,No,bajista,⚠️ No clara
2025-10-05 20:00,Shooting Star,122705.32,No,No,No,bajista,⚠️ No clara
2025-10-05 20:00,Outside Bar,122705.32,No,No,No,bajista,⚠️ No clara
2025-10-05 21:00,Hammer,122729.99,No,No,No,lateral,⚠️ No clara
2025-10-05 21:00,Inside Bar,122729.99,No,No,No,lateral,⚠️ No clara
2025-10-05 22:00,Three White Soldiers,123237.40,No,No,No,alcista,⚠️ No clara
2025-10-05 23:00,Three White Soldiers,123482.31,No,No,Sí,alcista,⚠️ No clara
2025-10-06 00:00,Shooting Star,123347.29,Sí,No,Sí,alcista,🔻 Venta
2025-10-06 00:00,Dark Cloud Cover,123347.29,Sí,No,Sí,alcista,🔻 Venta
2025-10-06 00:00,Outside Bar,123347.29,Sí,No,Sí,alcista,⚠️ No clara
2025-10-06 01:00,Piercing Line,124035.32,No,No,Sí,lateral,⚠️ No clara
2025-10-06 01:00,Inside Bar,124035.32,No,No,Sí,lateral,⚠️ No clara
2025-10-06 02:00,Hammer,124110.61,No,No,Sí,lateral,⚠️ No clara
2025-10-06 03:00,Dark Cloud Cover,123839.09,No,No,No,alcista,⚠️ No clara
2025-10-06 03:00,Inside Bar,123839.09,No,No,No,alcista,⚠️ No clara
2025-10-06 05:00,Hammer,123586.00,No,No,No,bajista,⚠️ No clara
2025-10-06 06:00,Morning Star,123947.90,No,No,No,lateral,⚠️ No clara
2025-10-06 07:00,Bearish Engulfing,123390.47,No,No,No,alcista,⚠️ No clara
2025-10-06 08:00,Piercing Line,123846.55,No,No,No,lateral,⚠️ No clara
2025-10-06 08:00,Inside Bar,123846.55,No,No,No,lateral,⚠️ No clara
2025-10-06 10:00,Hammer,123978.00,No,No,No,alcista,⚠️ No clara
2025-10-06 10:00,Three White Soldiers,123978.00,No,No,No,alcista,⚠️ No clara
2025-10-06 11:00,Three White Soldiers,124215.00,Sí,No,Sí,alcista,⚠️ No clara
2025-10-06 11:00,Outside Bar,124215.00,Sí,No,Sí,alcista,⚠️ No clara
2025-10-06 12:00,Three White Soldiers,124556.64,Sí,No,Sí,alcista,⚠️ No clara
2025-10-06 13:00,Three White Soldiers,125031.33,Sí,No,Sí,alcista,⚠️ No clara
2025-10-06 14:00,Bearish Engulfing,124530.00,Sí,No,Sí,alcista,🔻 Venta
2025-10-06 14:00,Outside Bar,124530.00,Sí,No,Sí,alcista,⚠️ No clara
2025-10-06 15:00,Piercing Line,125000.00,Sí,No,Sí,lateral,⚠️ No clara
2025-10-06 17:00,Shooting Star,125284.00,Sí,No,Sí,alcista,🔻 Venta
2025-10-06 18:00,Piercing Line,126011.18,Sí,No,Sí,lateral,⚠️ No clara
2025-10-06 18:00,Outside Bar,126011.18,Sí,No,Sí,lateral,⚠️ No clara
2025-10-06 19:00,Dark Cloud Cover,125410.81,Sí,No,Sí,lateral,⚠️ No clara
2025-10-06 19:00,Inside Bar,125410.81,Sí,No,Sí,lateral,⚠️ No clara
2025-10-06 21:00,Hammer,125097.85,Sí,No,No,bajista,⚠️ No clara
2025-10-06 21:00,Three Black Crows,125097.85,Sí,No,No,bajista,⚠️ No clara
2025-10-06 22:00,Hammer,125039.13,No,No,No,bajista,⚠️ No clara
2025-10-06 22:00,Three Black Crows,125039.13,No,No,No,bajista,⚠️ No clara
2025-10-06 23:00,Three Black Crows,124658.54,No,No,No,bajista,⚠️ No clara
2025-10-07 00:00,Piercing Line,124900.93,No,No,No,bajista,⚠️ No clara
2025-10-07 01:00,Dark Cloud Cover,124699.99,No,Sí,No,lateral,⚠️ No clara
2025-10-07 01:00,Outside Bar,124699.99,No,Sí,No,lateral,⚠️ No clara
2025-10-07 03:00,Hammer,124329.74,No,Sí,No,bajista,⚠️ No clara
2025-10-07 04:00,Morning Star,124500.00,No,Sí,No,lateral,⚠️ No clara
2025-10-07 05:00,Hammer,124414.17,No,No,No,alcista,⚠️ No clara
2025-10-07 05:00,Dark Cloud Cover,124414.17,No,No,No,alcista,⚠️ No clara
2025-10-07 05:00,Inside Bar,124414.17,No,No,No,alcista,⚠️ No clara
2025-10-07 06:00,Evening Star,123890.84,Sí,Sí,No,lateral,⚠️ No clara
2025-10-07 07:00,Three Black Crows,123667.99,No,Sí,No,bajista,⚠️ No clara
2025-10-07 08:00,Piercing Line,123861.75,Sí,Sí,No,bajista,✅ Compra
2025-10-07 10:00,Three White Soldiers,124282.19,No,No,No,alcista,⚠️ No clara
2025-10-07 11:00,Three White Soldiers,124453.38,No,No,No,alcista,⚠️ No clara
2025-10-07 12:00,Three White Soldiers,124917.99,No,No,Sí,alcista,⚠️ No clara
2025-10-07 13:00,Bearish Engulfing,123891.68,Sí,Sí,Sí,alcista,🔻 Venta
2025-10-07 15:00,Three Black Crows,121846.01,Sí,Sí,No,bajista,⚠️ No clara
2025-10-07 16:00,Hammer,121684.17,Sí,Sí,No,bajista,✅ Compra
2025-10-07 16:00,Three Black Crows,121684.17,Sí,Sí,No,bajista,⚠️ No clara
2025-10-07 17:00,Three Black Crows,121130.02,Sí,No,No,bajista,⚠️ No clara
2025-10-07 17:00,Inside Bar,121130.02,Sí,No,No,bajista,⚠️ No clara
2025-10-07 18:00,Three Black Crows,120895.37,Sí,Sí,No,bajista,⚠️ No clara
2025-10-07 19:00,Piercing Line,121637.17,Sí,No,No,bajista,⚠️ No clara
2025-10-07 21:00,Hammer,122016.00,No,No,No,alcista,⚠️ No clara
2025-10-07 21:00,Three White Soldiers,122016.00,No,No,No,alcista,⚠️ No clara
2025-10-07 22:00,Hammer,122011.17,No,No,No,alcista,⚠️ No clara
2025-10-07 22:00,Inside Bar,122011.17,No,No,No,alcista,⚠️ No clara
2025-10-07 23:00,Evening Star,121332.95,No,No,No,lateral,⚠️ No clara
2025-10-08 00:00,Piercing Line,121914.09,No,No,No,bajista,⚠️ No clara
2025-10-08 01:00,Hammer,121950.01,No,No,No,lateral,⚠️ No clara
2025-10-08 01:00,Inside Bar,121950.01,No,No,No,lateral,⚠️ No clara
2025-10-08 02:00,Three White Soldiers,122048.28,No,No,Sí,alcista,⚠️ No clara
2025-10-08 03:00,Dark Cloud Cover,121374.75,No,No,No,alcista,⚠️ No clara
2025-10-08 03:00,Evening Star,121374.75,No,No,No,alcista,⚠️ No clara
2025-10-08 04:00,Piercing Line,121900.00,No,No,No,lateral,⚠️ No clara
2025-10-08 05:00,Bearish Engulfing,121374.01,No,Sí,No,lateral,⚠️ No clara
2025-10-08 05:00,Inside Bar,121374.01,No,Sí,No,lateral,⚠️ No clara
2025-10-08 06:00,Piercing Line,121784.29,No,Sí,No,lateral,⚠️ No clara
2025-10-08 08:00,Bullish Engulfing,122381.85,Sí,No,Sí,lateral,⚠️ No clara
2025-10-08 09:00,Inside Bar,122516.98,No,No,No,lateral,⚠️ No clara
2025-10-08 10:00,Three White Soldiers,122934.60,No,No,Sí,alcista,⚠️ No clara
2025-10-08 11:00,Hammer,122884.14,Sí,No,Sí,alcista,⚠️ No clara
2025-10-08 12:00,Evening Star,122631.52,No,No,Sí,lateral,⚠️ No clara
2025-10-08 13:00,Hammer,122599.04,Sí,No,No,bajista,⚠️ No clara
2025-10-08 13:00,Three Black Crows,122599.04,Sí,No,No,bajista,⚠️ No clara
2025-10-08 14:00,Shooting Star,122320.00,Sí,No,Sí,bajista,⚠️ No clara
2025-10-08 14:00,Three Black Crows,122320.00,Sí,No,Sí,bajista,⚠️ No clara
2025-10-08 15:00,Shooting Star,122189.72,No,No,No,bajista,⚠️ No clara
2025-10-08 15:00,Three Black Crows,122189.72,No,No,No,bajista,⚠️ No clara
2025-10-08 16:00,Piercing Line,123051.03,No,No,No,bajista,⚠️ No clara
2025-10-08 16:00,Morning Star,123051.03,No,No,No,bajista,⚠️ No clara
2025-10-08 18:00,Dark Cloud Cover,123460.22,Sí,No,Sí,alcista,🔻 Venta
2025-10-08 19:00,Hammer,123450.00,No,No,No,lateral,⚠️ No clara
2025-10-08 20:00,Three Black Crows,122856.69,No,No,No,bajista,⚠️ No clara
2025-10-08 21:00,Piercing Line,123277.33,No,No,No,bajista,⚠️ No clara
2025-10-08 23:00,Shooting Star,123306.00,No,No,No,lateral,⚠️ No clara
2025-10-08 23:00,Piercing Line,123306.00,No,No,No,lateral,⚠️ No clara
2025-10-08 23:00,Outside Bar,123306.00,No,No,No,lateral,⚠️ No clara
2025-10-09 00:00,Bearish Engulfing,122839.15,No,No,No,lateral,⚠️ No clara
2025-10-09 02:00,Three Black Crows,121617.81,Sí,Sí,No,bajista,⚠️ No clara
2025-10-09 03:00,Inside Bar,122038.01,No,No,No,bajista,⚠️ No clara
2025-10-09 05:00,Hammer,122100.92,No,No,No,alcista,⚠️ No clara
2025-10-09 06:00,Evening Star,121957.32,No,No,No,lateral,⚠️ No clara
2025-10-09 06:00,Inside Bar,121957.32,No,No,No,lateral,⚠️ No clara
2025-10-09 07:00,Hammer,121906.10,No,No,No,bajista,⚠️ No clara
2025-10-09 07:00,Three Black Crows,121906.10,No,No,No,bajista,⚠️ No clara
2025-10-09 08:00,Three Black Crows,121261.62,Sí,Sí,No,bajista,⚠️ No clara
2025-10-09 09:00,Piercing Line,121813.04,No,Sí,No,bajista,⚠️ No clara
2025-10-09 09:00,Inside Bar,121813.04,No,Sí,No,bajista,⚠️ No clara
2025-10-09 11:00,Three White Soldiers,122737.57,No,No,Sí,alcista,⚠️ No clara
2025-10-09 12:00,Three White Soldiers,123563.38,Sí,No,Sí,alcista,⚠️ No clara
2025-10-09 13:00,Dark Cloud Cover,122415.74,Sí,No,Sí,alcista,🔻 Venta
2025-10-09 15:00,Hammer,121147.14,Sí,Sí,No,bajista,✅ Compra
2025-10-09 15:00,Three Black Crows,121147.14,Sí,Sí,No,bajista,⚠️ No clara
2025-10-09 16:00,Three Black Crows,119819.77,Sí,Sí,No,bajista,⚠️ No clara
2025-10-09 17:00,Piercing Line,120974.00,Sí,Sí,No,bajista,✅ Compra
2025-10-09 19:00,Piercing Line,120951.72,No,No,No,lateral,⚠️ No clara
2025-10-09 21:00,Three White Soldiers,121461.02,No,No,No,alcista,⚠️ No clara
2025-10-09 22:00,Three White Soldiers,121686.19,No,No,No,alcista,⚠️ No clara
2025-10-09 23:00,Hammer,121662.40,No,No,No,alcista,⚠️ No clara
2025-10-09 23:00,Outside Bar,121662.40,No,No,No,alcista,⚠️ No clara
2025-10-10 00:00,Piercing Line,121745.27,No,No,Sí,lateral,⚠️ No clara
2025-10-10 00:00,Inside Bar,121745.27,No,No,Sí,lateral,⚠️ No clara
2025-10-10 01:00,Dark Cloud Cover,121623.97,No,No,Sí,lateral,⚠️ No clara
2025-10-10 01:00,Outside Bar,121623.97,No,No,Sí,lateral,⚠️ No clara
2025-10-10 02:00,Evening Star,121059.73,Sí,No,No,lateral,⚠️ No clara
2025-10-10 03:00,Hammer,121026.01,No,No,No,bajista,⚠️ No clara
2025-10-10 03:00,Three Black Crows,121026.01,No,No,No,bajista,⚠️ No clara
2025-10-10 03:00,Inside Bar,121026.01,No,No,No,bajista,⚠️ No clara
2025-10-10 04:00,Bullish Engulfing,121234.51,No,No,No,bajista,⚠️ No clara
2025-10-10 04:00,Inside Bar,121234.51,No,No,No,bajista,⚠️ No clara
2025-10-10 05:00,Outside Bar,121583.89,No,No,No,lateral,⚠️ No clara
2025-10-10 06:00,Dark Cloud Cover,121378.18,No,No,No,alcista,⚠️ No clara
2025-10-10 08:00,Piercing Line,121631.54,No,Sí,No,bajista,⚠️ No clara
2025-10-10 10:00,Piercing Line,121496.33,No,No,No,lateral,⚠️ No clara
2025-10-10 12:00,Hammer,121597.21,No,No,No,alcista,⚠️ No clara
2025-10-10 12:00,Three White Soldiers,121597.21,No,No,No,alcista,⚠️ No clara
2025-10-10 12:00,Outside Bar,121597.21,No,No,No,alcista,⚠️ No clara
2025-10-10 13:00,Hammer,121684.20,Sí,No,Sí,alcista,⚠️ No clara
2025-10-10 13:00,Three White Soldiers,121684.20,Sí,No,Sí,alcista,⚠️ No clara
2025-10-10 13:00,Outside Bar,121684.20,Sí,No,Sí,alcista,⚠️ No clara
2025-10-10 14:00,Dark Cloud Cover,120493.17,Sí,Sí,No,alcista,⚠️ No clara
2025-10-10 14:00,Evening Star,120493.17,Sí,Sí,No,alcista,⚠️ No clara
2025-10-10 16:00,Three Black Crows,118205.61,Sí,Sí,No,bajista,⚠️ No clara
2025-10-10 17:00,Three Black Crows,117623.80,Sí,Sí,No,bajista,⚠️ No clara
2025-10-10 18:00,Three Black Crows,117237.70,Sí,Sí,No,bajista,⚠️ No clara
2025-10-10 19:00,Three Black Crows,116661.50,Sí,Sí,No,bajista,⚠️ No clara
2025-10-10 20:00,Three Black Crows,114266.82,Sí,Sí,No,bajista,⚠️ No clara
2025-10-10 21:00,Hammer,113451.86,Sí,Sí,No,bajista,✅ Compra
2025-10-10 21:00,Three Black Crows,113451.86,Sí,Sí,No,bajista,⚠️ No clara
2025-10-10 22:00,Hammer,113700.00,Sí,No,No,bajista,⚠️ No clara
2025-10-10 22:00,Inside Bar,113700.00,Sí,No,No,bajista,⚠️ No clara
2025-10-10 23:00,Dark Cloud Cover,112774.50,Sí,No,No,lateral,⚠️ No clara
2025-10-11 00:00,Hammer,112514.58,Sí,No,No,lateral,⚠️ No clara
2025-10-11 01:00,Three Black Crows,111095.37,Sí,No,No,bajista,⚠️ No clara
2025-10-11 02:00,Piercing Line,113196.48,Sí,No,No,bajista,⚠️ No clara
2025-10-11 04:00,Piercing Line,112945.79,Sí,No,No,lateral,⚠️ No clara
2025-10-11 05:00,Dark Cloud Cover,112389.48,Sí,No,No,lateral,⚠️ No clara
2025-10-11 05:00,Inside Bar,112389.48,Sí,No,No,lateral,⚠️ No clara
2025-10-11 06:00,Inside Bar,112045.99,Sí,No,No,lateral,⚠️ No clara
2025-10-11 07:00,Three Black Crows,110384.61,Sí,Sí,No,bajista,⚠️ No clara
2025-10-11 08:00,Piercing Line,111328.38,Sí,Sí,No,bajista,✅ Compra
2025-10-11 08:00,Inside Bar,111328.38,Sí,Sí,No,bajista,⚠️ No clara
2025-10-11 10:00,Three White Soldiers,112114.64,Sí,No,No,alcista,⚠️ No clara
2025-10-11 11:00,Hammer,112280.00,Sí,No,No,alcista,⚠️ No clara
2025-10-11 11:00,Three White Soldiers,112280.00,Sí,No,No,alcista,⚠️ No clara
2025-10-11 12:00,Hammer,112380.14,Sí,No,No,alcista,⚠️ No clara
2025-10-11 12:00,Three White Soldiers,112380.14,Sí,No,No,alcista,⚠️ No clara
2025-10-11 13:00,Hammer,112267.86,Sí,No,No,alcista,⚠️ No clara
2025-10-11 13:00,Dark Cloud Cover,112267.86,Sí,No,No,alcista,⚠️ No clara
2025-10-11 13:00,Outside Bar,112267.86,Sí,No,No,alcista,⚠️ No clara
2025-10-11 15:00,Three Black Crows,111793.20,No,No,No,bajista,⚠️ No clara
2025-10-11 15:00,Outside Bar,111793.20,No,No,No,bajista,⚠️ No clara
2025-10-11 16:00,Hammer,111846.18,Sí,No,No,bajista,⚠️ No clara
2025-10-11 17:00,Morning Star,112005.57,No,No,No,lateral,⚠️ No clara
2025-10-11 18:00,Hammer,111955.27,No,No,No,alcista,⚠️ No clara
2025-10-11 18:00,Inside Bar,111955.27,No,No,No,alcista,⚠️ No clara
2025-10-11 19:00,Evening Star,111178.31,Sí,Sí,No,lateral,⚠️ No clara
2025-10-11 20:00,Three Black Crows,110244.98,Sí,Sí,No,bajista,⚠️ No clara
2025-10-11 21:00,Piercing Line,110893.54,Sí,Sí,No,bajista,✅ Compra
2025-10-11 23:00,Dark Cloud Cover,110644.40,No,No,No,alcista,⚠️ No clara
2025-10-12 01:00,Inside Bar,109978.56,Sí,Sí,No,bajista,⚠️ No clara
2025-10-12 02:00,Hammer,110119.02,Sí,Sí,No,lateral,⚠️ No clara
2025-10-12 02:00,Outside Bar,110119.02,Sí,Sí,No,lateral,⚠️ No clara
2025-10-12 03:00,Three White Soldiers,110676.00,Sí,No,No,alcista,⚠️ No clara
2025-10-12 04:00,Three White Soldiers,111524.87,Sí,No,Sí,alcista,⚠️ No clara
2025-10-12 05:00,Three White Soldiers,111700.38,No,No,No,alcista,⚠️ No clara
2025-10-12 05:00,Inside Bar,111700.38,No,No,No,alcista,⚠️ No clara
2025-10-12 06:00,Hammer,111686.01,No,No,Sí,alcista,⚠️ No clara
2025-10-12 07:00,Evening Star,111525.20,No,No,No,lateral,⚠️ No clara
2025-10-12 08:00,Three Black Crows,111310.90,No,No,No,bajista,⚠️ No clara
2025-10-12 09:00,Piercing Line,111837.04,No,No,No,bajista,⚠️ No clara
2025-10-12 09:00,Outside Bar,111837.04,No,No,No,bajista,⚠️ No clara
2025-10-12 11:00,Piercing Line,111848.36,Sí,No,Sí,lateral,⚠️ No clara
2025-10-12 12:00,Hammer,111789.60,Sí,No,Sí,lateral,⚠️ No clara
2025-10-12 13:00,Evening Star,111297.52,Sí,No,No,lateral,⚠️ No clara
2025-10-12 14:00,Bullish Engulfing,112338.10,Sí,Sí,Sí,bajista,✅ Compra
2025-10-12 14:00,Outside Bar,112338.10,Sí,Sí,Sí,bajista,⚠️ No clara
2025-10-12 16:00,Three White Soldiers,114069.35,Sí,No,Sí,alcista,⚠️ No clara
2025-10-12 17:00,Inside Bar,113799.99,Sí,No,No,alcista,⚠️ No clara
2025-10-12 18:00,Hammer,113878.93,Sí,No,No,lateral,⚠️ No clara
2025-10-12 18:00,Inside Bar,113878.93,Sí,No,No,lateral,⚠️ No clara
2025-10-12 19:00,Morning Star,114342.28,No,No,No,lateral,⚠️ No clara
2025-10-12 20:00,Three White Soldiers,114927.97,Sí,No,Sí,alcista,⚠️ No clara
2025-10-12 21:00,Hammer,114882.06,Sí,No,Sí,alcista,⚠️ No clara
2025-10-12 21:00,Outside Bar,114882.06,Sí,No,Sí,alcista,⚠️ No clara
2025-10-12 22:00,Piercing Line,115221.40,Sí,No,Sí,lateral,⚠️ No clara
2025-10-12 23:00,Dark Cloud Cover,114958.80,Sí,No,No,lateral,⚠️ No clara
2025-10-13 00:00,Piercing Line,115280.84,Sí,No,Sí,lateral,⚠️ No clara
2025-10-13 01:00,Inside Bar,115713.32,Sí,No,No,lateral,⚠️ No clara
2025-10-13 02:00,Dark Cloud Cover,115319.97,Sí,No,Sí,alcista,🔻 Venta
2025-10-13 02:00,Outside Bar,115319.97,Sí,No,Sí,alcista,⚠️ No clara
2025-10-13 04:00,Hammer,114708.15,Sí,No,No,bajista,⚠️ No clara
2025-10-13 04:00,Three Black Crows,114708.15,Sí,No,No,bajista,⚠️ No clara
2025-10-13 05:00,Three Black Crows,114611.82,Sí,No,No,bajista,⚠️ No clara
2025-10-13 05:00,Inside Bar,114611.82,Sí,No,No,bajista,⚠️ No clara
2025-10-13 06:00,Piercing Line,115221.22,No,No,No,bajista,⚠️ No clara
2025-10-13 06:00,Morning Star,115221.22,No,No,No,bajista,⚠️ No clara
2025-10-13 06:00,Outside Bar,115221.22,No,No,No,bajista,⚠️ No clara
2025-10-13 08:00,Dark Cloud Cover,115254.23,No,No,No,alcista,⚠️ No clara
2025-10-13 08:00,Inside Bar,115254.23,No,No,No,alcista,⚠️ No clara
2025-10-13 09:00,Hammer,115127.04,Sí,No,No,lateral,⚠️ No clara
2025-10-13 10:00,Three Black Crows,114810.62,Sí,No,No,bajista,⚠️ No clara
2025-10-13 11:00,Three Black Crows,114180.00,Sí,Sí,No,bajista,⚠️ No clara
2025-10-13 12:00,Inside Bar,114412.26,Sí,No,No,bajista,⚠️ No clara
2025-10-13 13:00,Morning Star,115345.79,Sí,No,Sí,lateral,⚠️ No clara
2025-10-13 14:00,Dark Cloud Cover,114036.63,Sí,Sí,Sí,alcista,🔻 Venta
2025-10-13 15:00,Inside Bar,114312.10,Sí,No,No,lateral,⚠️ No clara
2025-10-13 17:00,Three White Soldiers,115040.55,No,No,No,alcista,⚠️ No clara
2025-10-13 18:00,Hammer,115160.63,No,No,No,alcista,⚠️ No clara
2025-10-13 18:00,Three White Soldiers,115160.63,No,No,No,alcista,⚠️ No clara
2025-10-13 19:00,Three White Soldiers,115792.84,Sí,No,Sí,alcista,⚠️ No clara
2025-10-13 20:00,Hammer,115713.37,No,No,Sí,alcista,⚠️ No clara
2025-10-13 20:00,Inside Bar,115713.37,No,No,Sí,alcista,⚠️ No clara
2025-10-13 21:00,Hammer,115700.00,No,No,No,lateral,⚠️ No clara
2025-10-13 21:00,Inside Bar,115700.00,No,No,No,lateral,⚠️ No clara
2025-10-13 22:00,Three Black Crows,115507.19,No,No,Sí,bajista,⚠️ No clara
2025-10-13 22:00,Outside Bar,115507.19,No,No,Sí,bajista,⚠️ No clara
2025-10-13 23:00,Three Black Crows,115166.00,No,No,No,bajista,⚠️ No clara
2025-10-14 00:00,Three Black Crows,114959.03,No,No,No,bajista,⚠️ No clara
2025-10-14 01:00,Three Black Crows,114274.57,No,Sí,No,bajista,⚠️ No clara
2025-10-14 02:00,Three Black Crows,113647.05,Sí,Sí,No,bajista,⚠️ No clara
2025-10-14 03:00,Three Black Crows,113500.00,Sí,Sí,No,bajista,⚠️ No clara
2025-10-14 04:00,Three Black Crows,113062.09,Sí,Sí,No,bajista,⚠️ No clara
2025-10-14 05:00,Three Black Crows,112493.11,Sí,Sí,No,bajista,⚠️ No clara
2025-10-14 05:00,Outside Bar,112493.11,Sí,Sí,No,bajista,⚠️ No clara
2025-10-14 06:00,Three Black Crows,111987.38,Sí,Sí,No,bajista,⚠️ No clara
2025-10-14 07:00,Three Black Crows,111724.41,Sí,Sí,No,bajista,⚠️ No clara
2025-10-14 07:00,Inside Bar,111724.41,Sí,Sí,No,bajista,⚠️ No clara
2025-10-14 08:00,Hammer,111803.33,Sí,No,No,bajista,⚠️ No clara
2025-10-14 08:00,Inside Bar,111803.33,Sí,No,No,bajista,⚠️ No clara
2025-10-14 09:00,Dark Cloud Cover,111287.89,Sí,Sí,No,lateral,⚠️ No clara
2025-10-14 11:00,Piercing Line,111313.98,Sí,No,No,bajista,⚠️ No clara
2025-10-14 12:00,Dark Cloud Cover,110803.28,Sí,No,No,lateral,⚠️ No clara
2025-10-14 12:00,Inside Bar,110803.28,Sí,No,No,lateral,⚠️ No clara
2025-10-14 13:00,Hammer,111014.38,Sí,Sí,No,lateral,⚠️ No clara
2025-10-14 14:00,Morning Star,111435.21,Sí,No,No,lateral,⚠️ No clara
2025-10-14 15:00,Three White Soldiers,112900.43,Sí,No,Sí,alcista,⚠️ No clara
2025-10-14 17:00,Piercing Line,112774.97,Sí,No,No,lateral,⚠️ No clara
2025-10-14 18:00,Shooting Star,112861.36,Sí,No,Sí,lateral,⚠️ No clara
2025-10-14 19:00,Hammer,112613.70,Sí,No,Sí,alcista,⚠️ No clara
2025-10-14 19:00,Dark Cloud Cover,112613.70,Sí,No,Sí,alcista,🔻 Venta
2025-10-14 19:00,Outside Bar,112613.70,Sí,No,Sí,alcista,⚠️ No clara
2025-10-14 20:00,Bullish Engulfing,112992.87,No,No,No,lateral,⚠️ No clara
2025-10-14 20:00,Inside Bar,112992.87,No,No,No,lateral,⚠️ No clara
2025-10-14 21:00,Hammer,113128.70,No,No,No,lateral,⚠️ No clara
2025-10-14 22:00,Hammer,113211.87,No,No,Sí,alcista,⚠️ No clara
2025-10-14 22:00,Three White Soldiers,113211.87,No,No,Sí,alcista,⚠️ No clara
2025-10-14 23:00,Dark Cloud Cover,113028.14,No,No,Sí,alcista,⚠️ No clara
2025-10-14 23:00,Evening Star,113028.14,No,No,Sí,alcista,⚠️ No clara
2025-10-14 23:00,Inside Bar,113028.14,No,No,Sí,alcista,⚠️ No clara
2025-10-15 00:00,Hammer,112993.86,Sí,No,No,lateral,⚠️ No clara
2025-10-15 01:00,Three Black Crows,112738.17,Sí,No,No,bajista,⚠️ No clara
2025-10-15 02:00,Shooting Star,112809.94,Sí,No,Sí,bajista,⚠️ No clara
2025-10-15 03:00,Dark Cloud Cover,112024.29,No,Sí,No,lateral,⚠️ No clara
2025-10-15 05:00,Shooting Star,112431.95,No,No,No,lateral,⚠️ No clara
2025-10-15 06:00,Hammer,112460.47,No,No,No,alcista,⚠️ No clara
2025-10-15 06:00,Three White Soldiers,112460.47,No,No,No,alcista,⚠️ No clara
2025-10-15 07:00,Three White Soldiers,112584.50,Sí,No,No,alcista,⚠️ No clara
2025-10-15 08:00,Three White Soldiers,112944.85,Sí,No,Sí,alcista,⚠️ No clara
2025-10-15 09:00,Dark Cloud Cover,112564.01,Sí,No,No,alcista,⚠️ No clara
2025-10-15 11:00,Three Black Crows,111905.73,No,Sí,No,bajista,⚠️ No clara
2025-10-15 12:00,Three Black Crows,111711.25,Sí,Sí,No,bajista,⚠️ No clara
2025-10-15 13:00,Hammer,111389.00,Sí,Sí,No,bajista,✅ Compra
2025-10-15 13:00,Three Black Crows,111389.00,Sí,Sí,No,bajista,⚠️ No clara
2025-10-15 14:00,Shooting Star,111059.76,Sí,Sí,No,bajista,⚠️ No clara
2025-10-15 14:00,Three Black Crows,111059.76,Sí,Sí,No,bajista,⚠️ No clara
2025-10-15 15:00,Shooting Star,110798.01,Sí,Sí,No,bajista,⚠️ No clara
2025-10-15 15:00,Three Black Crows,110798.01,Sí,Sí,No,bajista,⚠️ No clara
2025-10-15 16:00,Hammer,110748.00,Sí,No,No,bajista,⚠️ No clara
2025-10-15 16:00,Three Black Crows,110748.00,Sí,No,No,bajista,⚠️ No clara
2025-10-15 16:00,Inside Bar,110748.00,Sí,No,No,bajista,⚠️ No clara
2025-10-15 17:00,Piercing Line,111186.78,Sí,Sí,No,bajista,✅ Compra
2025-10-15 17:00,Morning Star,111186.78,Sí,Sí,No,bajista,✅ Compra
2025-10-15 17:00,Outside Bar,111186.78,Sí,Sí,No,bajista,⚠️ No clara
2025-10-15 19:00,Dark Cloud Cover,111271.73,No,No,No,alcista,⚠️ No clara
2025-10-15 20:00,Hammer,111109.76,Sí,No,No,lateral,⚠️ No clara
2025-10-15 20:00,Evening Star,111109.76,Sí,No,No,lateral,⚠️ No clara
2025-10-15 21:00,Three Black Crows,110854.19,No,No,No,bajista,⚠️ No clara
2025-10-15 22:00,Shooting Star,110667.97,No,No,No,bajista,⚠️ No clara
2025-10-15 22:00,Three Black Crows,110667.97,No,No,No,bajista,⚠️ No clara
2025-10-15 22:00,Inside Bar,110667.97,No,No,No,bajista,⚠️ No clara
2025-10-15 23:00,Shooting Star,110763.28,No,No,No,bajista,⚠️ No clara
2025-10-15 23:00,Piercing Line,110763.28,No,No,No,bajista,⚠️ No clara
2025-10-16 00:00,Dark Cloud Cover,110431.27,No,No,No,lateral,⚠️ No clara
2025-10-16 01:00,Piercing Line,111299.99,No,No,No,lateral,⚠️ No clara
2025-10-16 03:00,Dark Cloud Cover,111329.48,No,No,Sí,alcista,⚠️ No clara
2025-10-16 05:00,Hammer,110951.14,Sí,No,No,bajista,⚠️ No clara
2025-10-16 05:00,Three Black Crows,110951.14,Sí,No,No,bajista,⚠️ No clara
2025-10-16 06:00,Bullish Engulfing,111666.83,No,No,Sí,bajista,⚠️ No clara
2025-10-16 06:00,Morning Star,111666.83,No,No,Sí,bajista,⚠️ No clara
2025-10-16 07:00,Dark Cloud Cover,110584.20,Sí,Sí,Sí,lateral,⚠️ No clara
2025-10-16 07:00,Outside Bar,110584.20,Sí,Sí,Sí,lateral,⚠️ No clara
2025-10-16 09:00,Hammer,111146.31,Sí,Sí,Sí,lateral,⚠️ No clara
2025-10-16 09:00,Morning Star,111146.31,Sí,Sí,Sí,lateral,⚠️ No clara
2025-10-16 09:00,Outside Bar,111146.31,Sí,Sí,Sí,lateral,⚠️ No clara
2025-10-16 10:00,Three White Soldiers,111469.63,Sí,No,Sí,alcista,⚠️ No clara
2025-10-16 11:00,Hammer,111404.72,No,No,No,alcista,⚠️ No clara
2025-10-16 12:00,Shooting Star,111519.07,Sí,No,Sí,lateral,⚠️ No clara
2025-10-16 12:00,Piercing Line,111519.07,Sí,No,Sí,lateral,⚠️ No clara
2025-10-16 13:00,Bearish Engulfing,110860.00,Sí,No,No,lateral,⚠️ No clara
2025-10-16 14:00,Hammer,110529.34,Sí,Sí,No,lateral,⚠️ No clara
2025-10-16 15:00,Three Black Crows,108549.21,Sí,Sí,No,bajista,⚠️ No clara
2025-10-16 17:00,Dark Cloud Cover,108276.70,Sí,No,No,lateral,⚠️ No clara
2025-10-16 17:00,Inside Bar,108276.70,Sí,No,No,lateral,⚠️ No clara
2025-10-16 19:00,Dark Cloud Cover,108197.66,Sí,Sí,No,lateral,⚠️ No clara
2025-10-16 21:00,Bullish Engulfing,108443.70,No,Sí,No,bajista,⚠️ No clara
2025-10-16 22:00,Bearish Engulfing,107798.85,No,No,No,lateral,⚠️ No clara
2025-10-16 23:00,Piercing Line,108194.28,No,No,No,lateral,⚠️ No clara
2025-10-17 01:00,Hammer,108839.84,No,No,No,alcista,⚠️ No clara
2025-10-17 01:00,Three White Soldiers,108839.84,No,No,No,alcista,⚠️ No clara
2025-10-17 02:00,Hammer,108972.97,No,No,No,alcista,⚠️ No clara
2025-10-17 02:00,Three White Soldiers,108972.97,No,No,No,alcista,⚠️ No clara
2025-10-17 03:00,Three White Soldiers,109176.74,No,No,Sí,alcista,⚠️ No clara
2025-10-17 04:00,Dark Cloud Cover,108787.26,No,No,Sí,alcista,⚠️ No clara
2025-10-17 06:00,Three Black Crows,106741.28,Sí,Sí,No,bajista,⚠️ No clara
2025-10-17 07:00,Three Black Crows,105633.75,Sí,Sí,No,bajista,⚠️ No clara
2025-10-17 08:00,Three Black Crows,104884.38,Sí,Sí,No,bajista,⚠️ No clara
2025-10-17 09:00,Three Black Crows,104531.35,Sí,Sí,No,bajista,⚠️ No clara
2025-10-17 09:00,Inside Bar,104531.35,Sí,Sí,No,bajista,⚠️ No clara
2025-10-17 10:00,Hammer,104751.99,Sí,Sí,No,bajista,✅ Compra
2025-10-17 10:00,Piercing Line,104751.99,Sí,Sí,No,bajista,✅ Compra
2025-10-17 11:00,Morning Star,105683.72,Sí,No,No,lateral,⚠️ No clara
2025-10-17 12:00,Inside Bar,105350.40,Sí,No,No,alcista,⚠️ No clara
2025-10-17 13:00,Piercing Line,105835.63,Sí,No,No,lateral,⚠️ No clara
2025-10-17 13:00,Outside Bar,105835.63,Sí,No,No,lateral,⚠️ No clara
2025-10-17 14:00,Dark Cloud Cover,105163.42,Sí,No,No,lateral,⚠️ No clara
2025-10-17 15:00,Bullish Engulfing,106803.53,Sí,No,No,lateral,⚠️ No clara
2025-10-17 17:00,Hammer,106453.27,No,No,No,lateral,⚠️ No clara
2025-10-17 18:00,Morning Star,106647.11,No,No,No,lateral,⚠️ No clara
2025-10-17 19:00,Dark Cloud Cover,106454.72,No,No,No,alcista,⚠️ No clara
2025-10-17 20:00,Piercing Line,107021.37,No,No,No,lateral,⚠️ No clara
2025-10-17 22:00,Bearish Engulfing,107000.10,No,No,No,alcista,⚠️ No clara
2025-10-18 00:00,Piercing Line,106845.52,No,No,No,bajista,⚠️ No clara
2025-10-18 02:00,Dark Cloud Cover,106597.98,Sí,No,Sí,alcista,🔻 Venta
2025-10-18 03:00,Piercing Line,107070.40,No,No,No,lateral,⚠️ No clara
2025-10-18 03:00,Inside Bar,107070.40,No,No,No,lateral,⚠️ No clara
2025-10-18 04:00,Bearish Engulfing,106478.71,No,No,No,lateral,⚠️ No clara
2025-10-18 05:00,Piercing Line,106812.52,No,No,No,lateral,⚠️ No clara
2025-10-18 05:00,Inside Bar,106812.52,No,No,No,lateral,⚠️ No clara
2025-10-18 06:00,Hammer,106839.96,No,No,No,lateral,⚠️ No clara
2025-10-18 07:00,Shooting Star,106665.00,Sí,No,Sí,alcista,🔻 Venta
2025-10-18 07:00,Bearish Engulfing,106665.00,Sí,No,Sí,alcista,🔻 Venta
2025-10-18 07:00,Outside Bar,106665.00,Sí,No,Sí,alcista,⚠️ No clara
2025-10-18 08:00,Shooting Star,106719.20,Sí,No,No,lateral,⚠️ No clara
2025-10-18 09:00,Morning Star,106884.41,No,No,No,lateral,⚠️ No clara
2025-10-18 09:00,Inside Bar,106884.41,No,No,No,lateral,⚠️ No clara
2025-10-18 10:00,Hammer,106924.47,No,No,No,alcista,⚠️ No clara
2025-10-18 10:00,Three White Soldiers,106924.47,No,No,No,alcista,⚠️ No clara
2025-10-18 11:00,Three White Soldiers,107208.60,No,No,No,alcista,⚠️ No clara
2025-10-18 11:00,Outside Bar,107208.60,No,No,No,alcista,⚠️ No clara
2025-10-18 12:00,Dark Cloud Cover,107065.17,No,No,No,alcista,⚠️ No clara
2025-10-18 14:00,Piercing Line,107028.36,No,No,No,bajista,⚠️ No clara
2025-10-18 14:00,Outside Bar,107028.36,No,No,No,bajista,⚠️ No clara
2025-10-18 15:00,Dark Cloud Cover,106948.75,No,No,No,lateral,⚠️ No clara
2025-10-18 16:00,Evening Star,106664.01,No,Sí,No,lateral,⚠️ No clara
2025-10-18 17:00,Piercing Line,106880.03,No,No,No,bajista,⚠️ No clara
2025-10-18 17:00,Inside Bar,106880.03,No,No,No,bajista,⚠️ No clara
2025-10-18 18:00,Hammer,106843.75,No,No,No,lateral,⚠️ No clara
2025-10-18 18:00,Inside Bar,106843.75,No,No,No,lateral,⚠️ No clara
2025-10-18 19:00,Piercing Line,107080.14,No,No,No,lateral,⚠️ No clara
2025-10-18 20:00,Shooting Star,107018.51,No,No,Sí,lateral,⚠️ No clara
2025-10-18 21:00,Bullish Engulfing,107177.05,No,No,No,lateral,⚠️ No clara
2025-10-18 22:00,Shooting Star,107125.87,No,No,No,lateral,⚠️ No clara
2025-10-18 23:00,Piercing Line,107185.01,No,No,No,lateral,⚠️ No clara
2025-10-19 00:00,Dark Cloud Cover,106898.03,No,No,Sí,lateral,⚠️ No clara
2025-10-19 00:00,Outside Bar,106898.03,No,No,Sí,lateral,⚠️ No clara
2025-10-19 01:00,Hammer,106973.26,No,No,No,lateral,⚠️ No clara
2025-10-19 02:00,Bearish Engulfing,106847.02,No,No,No,lateral,⚠️ No clara
2025-10-19 03:00,Piercing Line,107275.78,No,Sí,Sí,lateral,⚠️ No clara
2025-10-19 03:00,Outside Bar,107275.78,No,Sí,Sí,lateral,⚠️ No clara
2025-10-19 04:00,Dark Cloud Cover,107046.90,No,No,No,lateral,⚠️ No clara
2025-10-19 04:00,Inside Bar,107046.90,No,No,No,lateral,⚠️ No clara
2025-10-19 06:00,Three Black Crows,106777.75,No,Sí,No,bajista,⚠️ No clara
2025-10-19 07:00,Hammer,106786.00,No,No,No,bajista,⚠️ No clara
2025-10-19 08:00,Dark Cloud Cover,106443.95,Sí,Sí,Sí,lateral,⚠️ No clara
2025-10-19 08:00,Outside Bar,106443.95,Sí,Sí,Sí,lateral,⚠️ No clara
2025-10-19 09:00,Piercing Line,107401.47,Sí,Sí,Sí,lateral,⚠️ No clara
2025-10-19 09:00,Outside Bar,107401.47,Sí,Sí,Sí,lateral,⚠️ No clara
2025-10-19 10:00,Inside Bar,107882.71,Sí,No,No,lateral,⚠️ No clara
2025-10-19 11:00,Shooting Star,107783.47,Sí,No,Sí,alcista,🔻 Venta
2025-10-19 13:00,Piercing Line,108096.34,Sí,No,Sí,bajista,⚠️ No clara
2025-10-19 13:00,Morning Star,108096.34,Sí,No,Sí,bajista,⚠️ No clara
2025-10-19 13:00,Outside Bar,108096.34,Sí,No,Sí,bajista,⚠️ No clara
2025-10-19 15:00,Three White Soldiers,108486.70,No,No,Sí,alcista,⚠️ No clara
2025-10-19 16:00,Shooting Star,108624.19,No,No,Sí,alcista,⚠️ No clara
2025-10-19 16:00,Three White Soldiers,108624.19,No,No,Sí,alcista,⚠️ No clara
2025-10-19 16:00,Outside Bar,108624.19,No,No,Sí,alcista,⚠️ No clara
2025-10-19 17:00,Three White Soldiers,109113.52,Sí,No,Sí,alcista,⚠️ No clara
2025-10-19 18:00,Three White Soldiers,109383.01,No,No,Sí,alcista,⚠️ No clara
2025-10-19 19:00,Dark Cloud Cover,108908.43,No,No,Sí,alcista,⚠️ No clara
2025-10-19 20:00,Inside Bar,108845.06,No,No,No,lateral,⚠️ No clara
2025-10-19 21:00,Three Black Crows,108744.82,No,No,No,bajista,⚠️ No clara
2025-10-19 22:00,Piercing Line,109146.80,No,No,Sí,bajista,⚠️ No clara
2025-10-19 22:00,Morning Star,109146.80,No,No,Sí,bajista,⚠️ No clara
2025-10-19 23:00,Dark Cloud Cover,108642.78,No,No,No,lateral,⚠️ No clara
2025-10-20 01:00,Hammer,108053.58,No,No,No,bajista,⚠️ No clara
2025-10-20 01:00,Inside Bar,108053.58,No,No,No,bajista,⚠️ No clara
2025-10-20 02:00,Morning Star,108767.02,No,No,No,lateral,⚠️ No clara
2025-10-20 02:00,Outside Bar,108767.02,No,No,No,lateral,⚠️ No clara
2025-10-20 03:00,Three White Soldiers,110145.44,Sí,No,Sí,alcista,⚠️ No clara
2025-10-20 04:00,Three White Soldiers,110422.10,Sí,No,Sí,alcista,⚠️ No clara
2025-10-20 05:00,Three White Soldiers,111033.79,Sí,No,Sí,alcista,⚠️ No clara
2025-10-20 06:00,Three White Soldiers,111298.55,Sí,No,Sí,alcista,⚠️ No clara
2025-10-20 08:00,Hammer,111097.15,Sí,No,Sí,lateral,⚠️ No clara
2025-10-20 08:00,Evening Star,111097.15,Sí,No,Sí,lateral,⚠️ No clara
2025-10-20 08:00,Outside Bar,111097.15,Sí,No,Sí,lateral,⚠️ No clara
2025-10-20 09:00,Hammer,110964.13,Sí,No,No,bajista,⚠️ No clara
2025-10-20 09:00,Three Black Crows,110964.13,Sí,No,No,bajista,⚠️ No clara
2025-10-20 10:00,Three Black Crows,110731.78,No,No,No,bajista,⚠️ No clara
2025-10-20 11:00,Piercing Line,111016.75,No,No,No,bajista,⚠️ No clara
2025-10-20 12:00,Dark Cloud Cover,110843.81,No,No,No,lateral,⚠️ No clara
2025-10-20 13:00,Piercing Line,111161.35,No,No,No,lateral,⚠️ No clara
2025-10-20 14:00,Hammer,111210.86,Sí,No,No,lateral,⚠️ No clara
2025-10-20 15:00,Hammer,111144.55,Sí,No,Sí,alcista,⚠️ No clara
2025-10-20 15:00,Dark Cloud Cover,111144.55,Sí,No,Sí,alcista,🔻 Venta
2025-10-20 16:00,Evening Star,110683.19,Sí,Sí,No,lateral,⚠️ No clara
2025-10-20 17:00,Three Black Crows,110282.76,Sí,Sí,No,bajista,⚠️ No clara
2025-10-20 18:00,Piercing Line,110937.92,No,No,No,bajista,⚠️ No clara
2025-10-20 18:00,Inside Bar,110937.92,No,No,No,bajista,⚠️ No clara
2025-10-20 20:00,Piercing Line,111091.46,No,No,No,lateral,⚠️ No clara
2025-10-20 21:00,Dark Cloud Cover,110563.20,No,No,No,lateral,⚠️ No clara
2025-10-20 23:00,Dark Cloud Cover,110532.09,No,No,No,lateral,⚠️ No clara
2025-10-20 23:00,Inside Bar,110532.09,No,No,No,lateral,⚠️ No clara
2025-10-21 00:00,Hammer,110446.69,No,No,No,lateral,⚠️ No clara
2025-10-21 01:00,Three Black Crows,109863.19,No,Sí,No,bajista,⚠️ No clara
2025-10-21 02:00,Three Black Crows,109514.92,No,Sí,No,bajista,⚠️ No clara
2025-10-21 03:00,Three Black Crows,109059.22,No,Sí,No,bajista,⚠️ No clara
2025-10-21 04:00,Three Black Crows,107779.70,Sí,Sí,No,bajista,⚠️ No clara
2025-10-21 05:00,Three Black Crows,107537.12,Sí,Sí,No,bajista,⚠️ No clara
2025-10-21 06:00,Piercing Line,107909.79,No,Sí,No,bajista,⚠️ No clara
2025-10-21 08:00,Bearish Engulfing,107695.79,Sí,Sí,No,alcista,⚠️ No clara
2025-10-21 09:00,Hammer,107754.27,No,No,No,lateral,⚠️ No clara
2025-10-21 09:00,Inside Bar,107754.27,No,No,No,lateral,⚠️ No clara
2025-10-21 10:00,Morning Star,108499.56,Sí,Sí,No,lateral,⚠️ No clara
2025-10-21 11:00,Hammer,108580.01,No,No,No,alcista,⚠️ No clara
2025-10-21 11:00,Three White Soldiers,108580.01,No,No,No,alcista,⚠️ No clara
2025-10-21 11:00,Inside Bar,108580.01,No,No,No,alcista,⚠️ No clara
2025-10-21 12:00,Shooting Star,108793.40,Sí,No,Sí,alcista,🔻 Venta
2025-10-21 12:00,Three White Soldiers,108793.40,Sí,No,Sí,alcista,⚠️ No clara
2025-10-21 13:00,Dark Cloud Cover,108426.98,Sí,No,No,alcista,⚠️ No clara
2025-10-21 14:00,Piercing Line,112170.52,Sí,No,Sí,lateral,⚠️ No clara
2025-10-21 16:00,Dark Cloud Cover,112565.88,Sí,No,Sí,alcista,🔻 Venta
2025-10-21 18:00,Hammer,111990.55,Sí,No,No,bajista,⚠️ No clara
2025-10-21 19:00,Dark Cloud Cover,111780.39,No,No,No,lateral,⚠️ No clara
2025-10-21 19:00,Inside Bar,111780.39,No,No,No,lateral,⚠️ No clara
2025-10-21 20:00,Evening Star,110787.56,Sí,No,No,lateral,⚠️ No clara
2025-10-21 21:00,Hammer,110816.32,Sí,No,No,bajista,⚠️ No clara
2025-10-21 22:00,Bearish Engulfing,109066.98,Sí,Sí,No,lateral,⚠️ No clara
2025-10-22 00:00,Three Black Crows,107986.14,Sí,Sí,No,bajista,⚠️ No clara
2025-10-22 01:00,Piercing Line,108364.21,Sí,No,No,bajista,⚠️ No clara
2025-10-22 01:00,Inside Bar,108364.21,Sí,No,No,bajista,⚠️ No clara
2025-10-22 03:00,Hammer,108216.02,Sí,Sí,No,lateral,⚠️ No clara
2025-10-22 04:00,Morning Star,108625.60,No,No,No,lateral,⚠️ No clara
2025-10-22 05:00,Bearish Engulfing,108166.81,Sí,Sí,No,alcista,⚠️ No clara
2025-10-22 05:00,Outside Bar,108166.81,Sí,Sí,No,alcista,⚠️ No clara
2025-10-22 06:00,Inside Bar,107980.02,No,No,No,lateral,⚠️ No clara
2025-10-22 07:00,Piercing Line,108321.63,Sí,Sí,No,bajista,✅ Compra
2025-10-22 09:00,Evening Star,107963.13,No,No,No,lateral,⚠️ No clara
2025-10-22 10:00,Three Black Crows,107657.98,No,Sí,No,bajista,⚠️ No clara
2025-10-22 11:00,Hammer,107555.05,Sí,Sí,No,bajista,✅ Compra
2025-10-22 11:00,Three Black Crows,107555.05,Sí,Sí,No,bajista,⚠️ No clara
2025-10-22 11:00,Outside Bar,107555.05,Sí,Sí,No,bajista,⚠️ No clara
2025-10-22 12:00,Bullish Engulfing,108044.96,Sí,No,No,bajista,⚠️ No clara
2025-10-22 12:00,Morning Star,108044.96,Sí,No,No,bajista,⚠️ No clara
2025-10-22 14:00,Hammer,108947.50,Sí,No,Sí,alcista,⚠️ No clara
2025-10-22 14:00,Three White Soldiers,108947.50,Sí,No,Sí,alcista,⚠️ No clara
2025-10-22 15:00,Dark Cloud Cover,108416.50,Sí,No,Sí,alcista,🔻 Venta
2025-10-22 16:00,Inside Bar,108226.00,Sí,No,No,lateral,⚠️ No clara
2025-10-22 17:00,Three Black Crows,107778.45,Sí,No,No,bajista,⚠️ No clara
2025-10-22 18:00,Piercing Line,108023.33,No,No,No,bajista,⚠️ No clara
2025-10-22 19:00,Shooting Star,107870.35,Sí,No,No,lateral,⚠️ No clara
2025-10-22 19:00,Dark Cloud Cover,107870.35,Sí,No,No,lateral,⚠️ No clara
2025-10-22 21:00,Three Black Crows,107207.98,Sí,Sí,No,bajista,⚠️ No clara
2025-10-22 22:00,Hammer,107196.82,No,No,No,bajista,⚠️ No clara
2025-10-22 22:00,Three Black Crows,107196.82,No,No,No,bajista,⚠️ No clara
2025-10-22 22:00,Inside Bar,107196.82,No,No,No,bajista,⚠️ No clara
2025-10-22 23:00,Piercing Line,107567.44,No,No,No,bajista,⚠️ No clara
2025-10-22 23:00,Morning Star,107567.44,No,No,No,bajista,⚠️ No clara
2025-10-23 01:00,Three White Soldiers,108150.00,Sí,No,No,alcista,⚠️ No clara
2025-10-23 02:00,Three White Soldiers,108410.29,No,No,No,alcista,⚠️ No clara
2025-10-23 02:00,Inside Bar,108410.29,No,No,No,alcista,⚠️ No clara
2025-10-23 03:00,Shooting Star,108377.96,No,No,Sí,alcista,⚠️ No clara
2025-10-23 04:00,Piercing Line,108644.32,No,No,Sí,lateral,⚠️ No clara
2025-10-23 06:00,Three White Soldiers,110246.94,Sí,No,Sí,alcista,⚠️ No clara
2025-10-23 07:00,Dark Cloud Cover,109269.90,Sí,No,Sí,alcista,🔻 Venta
2025-10-23 07:00,Inside Bar,109269.90,Sí,No,Sí,alcista,⚠️ No clara
2025-10-23 08:00,Inside Bar,109505.44,No,No,No,lateral,⚠️ No clara
2025-10-23 09:00,Hammer,109426.99,No,No,No,lateral,⚠️ No clara
2025-10-23 10:00,Hammer,109439.20,No,No,No,lateral,⚠️ No clara
2025-10-23 11:00,Dark Cloud Cover,109253.89,No,No,No,lateral,⚠️ No clara
2025-10-23 12:00,Hammer,109164.94,Sí,No,No,lateral,⚠️ No clara
2025-10-23 13:00,Piercing Line,109500.62,Sí,No,No,bajista,⚠️ No clara
2025-10-23 13:00,Morning Star,109500.62,Sí,No,No,bajista,⚠️ No clara
2025-10-23 14:00,Hammer,109594.90,Sí,Sí,No,lateral,⚠️ No clara
2025-10-23 14:00,Outside Bar,109594.90,Sí,Sí,No,lateral,⚠️ No clara
2025-10-23 15:00,Three White Soldiers,109908.28,Sí,No,No,alcista,⚠️ No clara
2025-10-23 16:00,Three White Soldiers,110263.74,Sí,No,Sí,alcista,⚠️ No clara
2025-10-23 17:00,Three White Soldiers,111241.71,Sí,No,Sí,alcista,⚠️ No clara
2025-10-23 18:00,Dark Cloud Cover,110571.66,No,No,Sí,alcista,⚠️ No clara
2025-10-23 18:00,Inside Bar,110571.66,No,No,Sí,alcista,⚠️ No clara
2025-10-23 20:00,Three Black Crows,109524.81,No,No,No,bajista,⚠️ No clara
2025-10-23 21:00,Hammer,109532.97,No,No,No,bajista,⚠️ No clara
2025-10-23 21:00,Inside Bar,109532.97,No,No,No,bajista,⚠️ No clara
2025-10-23 22:00,Morning Star,109943.94,No,No,No,lateral,⚠️ No clara
2025-10-23 23:00,Three White Soldiers,110078.18,No,No,No,alcista,⚠️ No clara
2025-10-23 23:00,Inside Bar,110078.18,No,No,No,alcista,⚠️ No clara
2025-10-24 00:00,Three White Soldiers,110500.28,No,No,No,alcista,⚠️ No clara
2025-10-24 01:00,Hammer,110585.08,No,No,No,alcista,⚠️ No clara
2025-10-24 01:00,Three White Soldiers,110585.08,No,No,No,alcista,⚠️ No clara
2025-10-24 01:00,Inside Bar,110585.08,No,No,No,alcista,⚠️ No clara
2025-10-24 02:00,Hammer,110570.12,No,No,No,alcista,⚠️ No clara
2025-10-24 03:00,Evening Star,110441.46,No,No,No,lateral,⚠️ No clara
2025-10-24 04:00,Piercing Line,111178.55,Sí,No,Sí,bajista,⚠️ No clara
2025-10-24 04:00,Morning Star,111178.55,Sí,No,Sí,bajista,⚠️ No clara
2025-10-24 05:00,Hammer,111261.36,No,No,No,lateral,⚠️ No clara
2025-10-24 05:00,Inside Bar,111261.36,No,No,No,lateral,⚠️ No clara
2025-10-24 06:00,Three White Soldiers,111464.36,No,No,Sí,alcista,⚠️ No clara
2025-10-24 07:00,Dark Cloud Cover,111054.61,No,No,Sí,alcista,⚠️ No clara
2025-10-24 07:00,Outside Bar,111054.61,No,No,Sí,alcista,⚠️ No clara
2025-10-24 08:00,Hammer,111097.80,No,No,No,lateral,⚠️ No clara
2025-10-24 09:00,Morning Star,111324.51,No,No,Sí,lateral,⚠️ No clara
2025-10-24 10:00,Dark Cloud Cover,111102.66,No,No,No,alcista,⚠️ No clara
2025-10-24 10:00,Inside Bar,111102.66,No,No,No,alcista,⚠️ No clara
